card_id,report_date,strategy,family,direction,entry_mode,entry,stop,tp1,tp2,tp3,card_R_points,policy,source,fill_status,entry_session,entry_rule,fill_reason,fill_ts,fill_px,R_points,risk_vs_card,unit,exit_px,exit_ts,exit_reason,R,R_card
2026-05-11_Trade_1,2026-05-11,Trade 1 - Daily Directional,Trade 1,LONG,MARKET,7398.93,7321.2,7476.66,7554.39,7626.93,77.73,band0845,baseline,FILLED,2026-05-12,WAITED for return to entry,,2026-05-12 09:15:00,7398.93,77.73,1.0,Unit 1,7476.66,2026-05-14 13:00:00,TP1 reached,1.0,1.0
2026-05-11_Trade_1,2026-05-11,Trade 1 - Daily Directional,Trade 1,LONG,MARKET,7398.93,7321.2,7476.66,7554.39,7626.93,77.73,band0845,baseline,FILLED,2026-05-12,WAITED for return to entry,,2026-05-12 09:15:00,7398.93,77.73,1.0,Unit 2,7398.93,2026-05-15 23:00:00,BE trail hit (BE_ON_TP1),0.0,0.0
2026-05-11_Trade_1,2026-05-11,Trade 1 - Daily Directional,Trade 1,LONG,MARKET,7398.93,7321.2,7476.66,7554.39,7626.93,77.73,band0845,baseline,FILLED,2026-05-12,WAITED for return to entry,,2026-05-12 09:15:00,7398.93,77.73,1.0,Unit 3,7402.0,2026-05-12 23:45:00,card runner time-stop at entry-session close,0.039,0.039
2026-05-11_Trade_2,2026-05-11,Trade 2 - Pivot pullback (buy daily-S1),Trade 2,LONG,LIMIT,7358.92,7318.91,7380.21,7420.22,7441.51,40.01,band0845,baseline,FILLED,2026-05-12,WAITED for return to entry,,2026-05-12 18:15:00,7358.92,40.01,1.0,Unit 1,7380.21,2026-05-12 21:15:00,TP1 reached,0.532,0.532
2026-05-11_Trade_2,2026-05-11,Trade 2 - Pivot pullback (buy daily-S1),Trade 2,LONG,LIMIT,7358.92,7318.91,7380.21,7420.22,7441.51,40.01,band0845,baseline,FILLED,2026-05-12,WAITED for return to entry,,2026-05-12 18:15:00,7358.92,40.01,1.0,Unit 2,7420.22,2026-05-13 07:45:00,TP2 reached,1.532,1.532
2026-05-11_Trade_2,2026-05-11,Trade 2 - Pivot pullback (buy daily-S1),Trade 2,LONG,LIMIT,7358.92,7318.91,7380.21,7420.22,7441.51,40.01,band0845,baseline,FILLED,2026-05-12,WAITED for return to entry,,2026-05-12 18:15:00,7358.92,40.01,1.0,Unit 3,7441.51,2026-05-13 19:15:00,runner target reached,2.064,2.064
2026-05-11_Trade_3A,2026-05-11,Trade 3A - Momentum-Pullback (38.2% fib),Trade 3A,LONG,LIMIT,7316.24,7258.56,7373.91,7401.5,7486.76,57.68,band0845,baseline,NO FILL,2026-05-12,,08:45 7401.8 was -1.48R worse than entry; never returned to entry by cut-off,,,,,All,,,,0.0,0.0
2026-05-12_Trade_1,2026-05-12,Trade 1 - Daily Directional,Trade 1,LONG,MARKET,7412.8,7344.0,7481.6,7550.4,7575.0,68.8,band0845,baseline,FILLED,2026-05-13,WAITED for return to entry,,2026-05-13 15:30:00,7412.8,68.8,1.0,Unit 1,7481.6,2026-05-14 15:15:00,TP1 reached,1.0,1.0
2026-05-12_Trade_1,2026-05-12,Trade 1 - Daily Directional,Trade 1,LONG,MARKET,7412.8,7344.0,7481.6,7550.4,7575.0,68.8,band0845,baseline,FILLED,2026-05-13,WAITED for return to entry,,2026-05-13 15:30:00,7412.8,68.8,1.0,Unit 2,7412.8,2026-05-15 15:30:00,BE trail hit (BE_ON_TP1),0.0,0.0
2026-05-12_Trade_1,2026-05-12,Trade 1 - Daily Directional,Trade 1,LONG,MARKET,7412.8,7344.0,7481.6,7550.4,7575.0,68.8,band0845,baseline,FILLED,2026-05-13,WAITED for return to entry,,2026-05-13 15:30:00,7412.8,68.8,1.0,Unit 3,7458.5,2026-05-13 23:45:00,card runner time-stop at entry-session close,0.664,0.664
2026-05-12_Trade_2,2026-05-12,"Trade 2 - Pivot (TREND_UP pullback, buy daily P)",Trade 2,LONG,LIMIT,7378.0,7344.0,7412.0,7446.0,7460.9,34.0,band0845,baseline,NO FILL,2026-05-13,,08:45 7421.4 was -1.28R worse than entry; never returned to entry by cut-off,,,,,All,,,,0.0,0.0
2026-05-12_Trade_3A,2026-05-12,Trade 3A - Momentum-Pullback (38.2% fib),Trade 3A,LONG,LIMIT,7362.0,7310.0,7381.9,7429.0,7626.0,52.0,band0845,baseline,NO FILL,2026-05-13,,08:45 7421.4 was -1.14R worse than entry; never returned to entry by cut-off,,,,,All,,,,0.0,0.0
2026-05-13_Trade_1,2026-05-13,Trade 1 - Daily Directional,Trade 1,n/a,MARKET,,,,,,,band0845,baseline,SUPPRESSED,,,,,,,,All,,,,0.0,0.0
2026-05-13_Trade_2,2026-05-13,"Trade 2 - Pivot (TREND breakout, buy stop)",Trade 2,LONG,STOP,7385.06,7363.09,7423.12,7434.21,7445.29,21.97,band0845,baseline,NO FILL,2026-05-14,,08:45 7459.9 was -3.41R worse than entry; never returned to entry by cut-off,,,,,All,,,,0.0,0.0
2026-05-13_Trade_3C,2026-05-13,Trade 3C - Momentum-Breakout (buy stop),Trade 3C,LONG,STOP,7432.0,7335.0,7529.0,7626.0,7606.0,97.0,band0845,baseline,NO FILL,2026-05-14,,08:45 7459.9 was -0.29R worse than entry; never returned to entry by cut-off,,,,,All,,,,0.0,0.0
2026-05-14_Trade_1,2026-05-14,Trade 1 - Daily Directional,Trade 1,n/a,MARKET,,,,,,,band0845,baseline,SUPPRESSED,,,,,,,,All,,,,0.0,0.0
2026-05-14_Trade_2,2026-05-14,Trade 2 - Pivot (buy limit weekly P),Trade 2,LONG,LIMIT,7402.0,7367.0,7437.0,7472.0,7540.0,35.0,band0845,baseline,FILLED,2026-05-15,WAITED for return to entry,,2026-05-15 23:00:00,7402.0,35.0,1.0,Unit 1,7367.0,2026-05-18 03:00:00,stopped out,-1.0,-1.0
2026-05-14_Trade_2,2026-05-14,Trade 2 - Pivot (buy limit weekly P),Trade 2,LONG,LIMIT,7402.0,7367.0,7437.0,7472.0,7540.0,35.0,band0845,baseline,FILLED,2026-05-15,WAITED for return to entry,,2026-05-15 23:00:00,7402.0,35.0,1.0,Unit 2,7367.0,2026-05-18 03:00:00,stopped out,-1.0,-1.0
2026-05-14_Trade_2,2026-05-14,Trade 2 - Pivot (buy limit weekly P),Trade 2,LONG,LIMIT,7402.0,7367.0,7437.0,7472.0,7540.0,35.0,band0845,baseline,FILLED,2026-05-15,WAITED for return to entry,,2026-05-15 23:00:00,7402.0,35.0,1.0,Unit 3,7400.8,2026-05-15 23:45:00,card runner time-stop at entry-session close,-0.034,-0.034
2026-05-14_Trade_3A,2026-05-14,Trade 3A - Momentum-Pullback (38.2% fib),Trade 3A,LONG,LIMIT,7422.0,7378.0,7449.0,7495.0,7540.0,44.0,band0845,baseline,FILLED,2026-05-15,WAITED for return to entry,,2026-05-15 11:30:00,7422.0,44.0,1.0,Unit 1,7449.0,2026-05-15 13:45:00,TP1 reached,0.614,0.614
2026-05-14_Trade_3A,2026-05-14,Trade 3A - Momentum-Pullback (38.2% fib),Trade 3A,LONG,LIMIT,7422.0,7378.0,7449.0,7495.0,7540.0,44.0,band0845,baseline,FILLED,2026-05-15,WAITED for return to entry,,2026-05-15 11:30:00,7422.0,44.0,1.0,Unit 2,7422.0,2026-05-15 15:00:00,BE trail hit (BE_ON_TP1),0.0,0.0
2026-05-14_Trade_3A,2026-05-14,Trade 3A - Momentum-Pullback (38.2% fib),Trade 3A,LONG,LIMIT,7422.0,7378.0,7449.0,7495.0,7540.0,44.0,band0845,baseline,FILLED,2026-05-15,WAITED for return to entry,,2026-05-15 11:30:00,7422.0,44.0,1.0,Unit 3,7422.0,2026-05-15 15:00:00,BE trail hit (BE_ON_TP1),0.0,0.0
2026-05-15_Trade_1,2026-05-15,Trade 1 - Daily Directional,Trade 1,LONG,MARKET,7501.59,7453.59,7549.59,7597.59,7681.59,48.0,band0845,baseline,NO FILL,2026-05-18,,08:45 7373.6 was +2.67R beyond entry; no recovery to 7477.6 by cut-off,,,,,All,,,,0.0,0.0
2026-05-15_Trade_2,2026-05-15,"Trade 2 - Pivot (TREND breakout, buy stop)",Trade 2,LONG,STOP,7485.68,7461.74,7525.66,7549.73,,23.94,band0845,baseline,NO FILL,2026-05-18,,08:45 7373.6 was +4.68R beyond entry; no recovery to 7473.7 by cut-off,,,,,All,,,,0.0,0.0
2026-05-15_Trade_3C,2026-05-15,Trade 3C - Momentum-Breakout (buy stop),Trade 3C,LONG,STOP,7510.0,7425.0,7595.0,7680.0,,85.0,band0845,baseline,NO FILL,2026-05-18,,08:45 7373.6 was +1.60R beyond entry; no recovery to 7467.5 by cut-off,,,,,All,,,,0.0,0.0
2026-05-18_Trade_1,2026-05-18,Trade 1 - Daily Directional,Trade 1,SHORT,MARKET,7457.31,7466.1,7448.52,7439.73,7322.31,8.79,band0845,baseline,NO FILL,2026-05-19,,08:45 7384.5 was -8.28R worse than entry; never returned to entry by cut-off,,,,,All,,,,0.0,0.0
2026-05-18_Trade_2,2026-05-18,Trade 2 - Pivot fade (sell limit daily R1),Trade 2,SHORT,LIMIT,7443.07,7482.13,7404.0,7420.28,7385.72,39.07,band0845,baseline,NO FILL,2026-05-19,,08:45 7384.5 was -1.50R worse than entry; never returned to entry by cut-off,,,,,All,,,,0.0,0.0
2026-05-18_Trade_3C,2026-05-18,"Trade 3C - Transition Breakout (sell stop, conditional)",Trade 3C,SHORT,STOP,7386.25,7459.35,7326.23,7229.13,7186.39,73.1,band0845,baseline,FILLED,2026-05-19,WAITED for return to entry,,2026-05-19 08:45:00,7386.25,73.1,1.0,Unit 1,7459.35,2026-05-21 20:45:00,stopped out,-1.0,-1.0
2026-05-18_Trade_3C,2026-05-18,"Trade 3C - Transition Breakout (sell stop, conditional)",Trade 3C,SHORT,STOP,7386.25,7459.35,7326.23,7229.13,7186.39,73.1,band0845,baseline,FILLED,2026-05-19,WAITED for return to entry,,2026-05-19 08:45:00,7386.25,73.1,1.0,Unit 2,7459.35,2026-05-21 20:45:00,stopped out,-1.0,-1.0
2026-05-18_Trade_3C,2026-05-18,"Trade 3C - Transition Breakout (sell stop, conditional)",Trade 3C,SHORT,STOP,7386.25,7459.35,7326.23,7229.13,7186.39,73.1,band0845,baseline,FILLED,2026-05-19,WAITED for return to entry,,2026-05-19 08:45:00,7386.25,73.1,1.0,Unit 3,7459.35,2026-05-21 20:45:00,stopped out,-1.0,-1.0
2026-05-19_Trade_1,2026-05-19,Trade 1 - Daily Directional (mean-reversion),Trade 1,LONG,MARKET,7403.05,7335.0,7434.0,7490.0,7573.0,68.05,band0845,baseline,FILLED,2026-05-20,IN BAND (+0.65R) market at 08:45,,2026-05-20 08:45:00,7358.9,23.9,0.351,Unit 1,7434.0,2026-05-20 18:15:00,TP1 reached,3.142,0.455
2026-05-19_Trade_1,2026-05-19,Trade 1 - Daily Directional (mean-reversion),Trade 1,LONG,MARKET,7403.05,7335.0,7434.0,7490.0,7573.0,68.05,band0845,baseline,FILLED,2026-05-20,IN BAND (+0.65R) market at 08:45,,2026-05-20 08:45:00,7358.9,23.9,0.351,Unit 2,7490.0,2026-05-22 16:00:00,TP2 reached,5.485,1.278
2026-05-19_Trade_1,2026-05-19,Trade 1 - Daily Directional (mean-reversion),Trade 1,LONG,MARKET,7403.05,7335.0,7434.0,7490.0,7573.0,68.05,band0845,baseline,FILLED,2026-05-20,IN BAND (+0.65R) market at 08:45,,2026-05-20 08:45:00,7358.9,23.9,0.351,Unit 3,7573.0,2026-05-28 20:45:00,runner target reached,8.958,2.497
2026-05-19_Trade_2,2026-05-19,Trade 2 - Pivot (buy limit daily S1),Trade 2,LONG,LIMIT,7371.85,7348.0,7403.0,7434.0,7490.0,23.85,band0845,baseline,FILLED,2026-05-20,IN BAND (+0.54R) market at 08:45,,2026-05-20 08:45:00,7358.9,10.9,0.457,Unit 1,7403.0,2026-05-20 17:15:00,TP1 reached,4.046,1.306
2026-05-19_Trade_2,2026-05-19,Trade 2 - Pivot (buy limit daily S1),Trade 2,LONG,LIMIT,7371.85,7348.0,7403.0,7434.0,7490.0,23.85,band0845,baseline,FILLED,2026-05-20,IN BAND (+0.54R) market at 08:45,,2026-05-20 08:45:00,7358.9,10.9,0.457,Unit 2,7434.0,2026-05-20 18:15:00,TP2 reached,6.89,2.606
2026-05-19_Trade_2,2026-05-19,Trade 2 - Pivot (buy limit daily S1),Trade 2,LONG,LIMIT,7371.85,7348.0,7403.0,7434.0,7490.0,23.85,band0845,baseline,FILLED,2026-05-20,IN BAND (+0.54R) market at 08:45,,2026-05-20 08:45:00,7358.9,10.9,0.457,Unit 3,7490.0,2026-05-22 16:00:00,runner target reached,12.028,4.954
2026-05-19_Trade_3A,2026-05-19,Trade 3A - Momentum-Pullback (layered fib limits),Trade 3A,LONG,LIMIT,7435.5,7360.0,7490.0,7517.0,7573.0,75.5,band0845,baseline,FILLED,2026-05-20,RECOVERY to entry-0.5R (7397.75),,2026-05-20 15:15:00,7397.75,37.75,0.5,Unit 1,7490.0,2026-05-22 16:00:00,TP1 reached,2.444,0.722
2026-05-19_Trade_3A,2026-05-19,Trade 3A - Momentum-Pullback (layered fib limits),Trade 3A,LONG,LIMIT,7435.5,7360.0,7490.0,7517.0,7573.0,75.5,band0845,baseline,FILLED,2026-05-20,RECOVERY to entry-0.5R (7397.75),,2026-05-20 15:15:00,7397.75,37.75,0.5,Unit 2,7517.0,2026-05-25 01:00:00,TP2 reached,3.159,1.079
2026-05-19_Trade_3A,2026-05-19,Trade 3A - Momentum-Pullback (layered fib limits),Trade 3A,LONG,LIMIT,7435.5,7360.0,7490.0,7517.0,7573.0,75.5,band0845,baseline,FILLED,2026-05-20,RECOVERY to entry-0.5R (7397.75),,2026-05-20 15:15:00,7397.75,37.75,0.5,Unit 3,7573.0,2026-05-28 20:45:00,runner target reached,4.642,1.821
2026-05-20_Trade_1,2026-05-20,Trade 1 - Daily Directional,Trade 1,n/a,MARKET,,,,,,,band0845,baseline,SUPPRESSED,,,,,,,,All,,,,0.0,0.0
2026-05-20_Trade_2,2026-05-20,Trade 2 - Pivot (weekly TREND breakout),Trade 2,LONG,STOP,7442.17,7372.92,7488.61,7528.67,7568.73,69.25,band0845,baseline,FILLED,2026-05-21,IN BAND (+0.13R) market at 08:45,,2026-05-21 08:45:00,7433.1,60.18,0.869,Unit 1,7488.61,2026-05-22 15:45:00,TP1 reached,0.922,0.671
2026-05-20_Trade_2,2026-05-20,Trade 2 - Pivot (weekly TREND breakout),Trade 2,LONG,STOP,7442.17,7372.92,7488.61,7528.67,7568.73,69.25,band0845,baseline,FILLED,2026-05-21,IN BAND (+0.13R) market at 08:45,,2026-05-21 08:45:00,7433.1,60.18,0.869,Unit 2,7528.67,2026-05-25 02:30:00,TP2 reached,1.588,1.249
2026-05-20_Trade_2,2026-05-20,Trade 2 - Pivot (weekly TREND breakout),Trade 2,LONG,STOP,7442.17,7372.92,7488.61,7528.67,7568.73,69.25,band0845,baseline,FILLED,2026-05-21,IN BAND (+0.13R) market at 08:45,,2026-05-21 08:45:00,7433.1,60.18,0.869,Unit 3,7452.3,2026-05-21 23:45:00,card runner time-stop at entry-session close,0.319,0.146
2026-05-20_Trade_3A,2026-05-20,Trade 3A - Momentum-Pullback (demand-zone retest),Trade 3A,LONG,LIMIT,7360.0,7325.0,7395.0,7433.31,7453.09,35.0,band0845,baseline,NO FILL,2026-05-21,,08:45 7433.1 was -2.09R worse than entry; never returned to entry by cut-off,,,,,All,,,,0.0,0.0
2026-05-21_Trade_1,2026-05-21,Trade 1 - Daily Directional,Trade 1,LONG,MARKET,7432.97,7326.24,7539.7,7646.43,7612.49,106.73,band0845,baseline,NO FILL,2026-05-22,,08:45 7477.4 was -0.42R worse than entry; never returned to entry by cut-off,,,,,All,,,,0.0,0.0
2026-05-21_Trade_2,2026-05-21,Trade 2 - Pivot (TRANSITION breakout side),Trade 2,LONG,STOP,7442.42,7375.01,7486.61,7525.67,7564.73,67.41,band0845,baseline,NO FILL,2026-05-22,,08:45 7477.4 was -0.52R worse than entry; never returned to entry by cut-off,,,,,All,,,,0.0,0.0
2026-05-21_Trade_3C,2026-05-21,Trade 3C - Range Breakout (conditional),Trade 3C,LONG,CONDITIONAL,7515.81,7225.11,7960.42,8190.21,,290.7,band0845,baseline,FILLED,2026-05-26,WAITED for return to entry,confirmed close 7552.7 on 2026-05-25; ,2026-05-26 10:30:00,7515.81,290.7,1.0,Unit 1,7741.2,2026-09-03 23:45:00,unresolved at end of data - MTM,0.775,0.775
2026-05-21_Trade_3C,2026-05-21,Trade 3C - Range Breakout (conditional),Trade 3C,LONG,CONDITIONAL,7515.81,7225.11,7960.42,8190.21,,290.7,band0845,baseline,FILLED,2026-05-26,WAITED for return to entry,confirmed close 7552.7 on 2026-05-25; ,2026-05-26 10:30:00,7515.81,290.7,1.0,Unit 2,7741.2,2026-09-03 23:45:00,unresolved at end of data - MTM,0.775,0.775
2026-05-21_Trade_3C,2026-05-21,Trade 3C - Range Breakout (conditional),Trade 3C,LONG,CONDITIONAL,7515.81,7225.11,7960.42,8190.21,,290.7,band0845,baseline,FILLED,2026-05-26,WAITED for return to entry,confirmed close 7552.7 on 2026-05-25; ,2026-05-26 10:30:00,7515.81,290.7,1.0,Unit 3,7741.2,2026-09-03 23:45:00,unresolved at end of data - MTM,0.775,0.775
2026-05-22_Trade_1,2026-05-22,Trade 1 - Daily Directional,Trade 1,n/a,MARKET,,,,,,,band0845,baseline,SUPPRESSED,,,,,,,,All,,,,0.0,0.0
2026-05-22_Trade_2,2026-05-22,Trade 2 - Pivot (TRANSITION breakout side),Trade 2,LONG,STOP,7415.0,7355.0,7437.0,7475.0,7501.0,60.0,band0845,baseline,NO FILL,2026-05-25,,08:45 7552.4 was -2.29R worse than entry; never returned to entry by cut-off,,,,,All,,,,0.0,0.0
2026-05-22_Trade_3C,2026-05-22,Trade 3C - Momentum-Breakout (conditional),Trade 3C,LONG,CONDITIONAL,7539.0,7193.0,8057.0,8327.0,,346.0,band0845,baseline,FILLED,2026-05-26,IN BAND (+0.03R) market at 08:45,confirmed close 7552.7 on 2026-05-25; ,2026-05-26 08:45:00,7527.0,334.0,0.965,Unit 1,7741.2,2026-09-03 23:45:00,unresolved at end of data - MTM,0.641,0.584
2026-05-22_Trade_3C,2026-05-22,Trade 3C - Momentum-Breakout (conditional),Trade 3C,LONG,CONDITIONAL,7539.0,7193.0,8057.0,8327.0,,346.0,band0845,baseline,FILLED,2026-05-26,IN BAND (+0.03R) market at 08:45,confirmed close 7552.7 on 2026-05-25; ,2026-05-26 08:45:00,7527.0,334.0,0.965,Unit 2,7741.2,2026-09-03 23:45:00,unresolved at end of data - MTM,0.641,0.584
2026-05-22_Trade_3C,2026-05-22,Trade 3C - Momentum-Breakout (conditional),Trade 3C,LONG,CONDITIONAL,7539.0,7193.0,8057.0,8327.0,,346.0,band0845,baseline,FILLED,2026-05-26,IN BAND (+0.03R) market at 08:45,confirmed close 7552.7 on 2026-05-25; ,2026-05-26 08:45:00,7527.0,334.0,0.965,Unit 3,7741.2,2026-09-03 23:45:00,unresolved at end of data - MTM,0.641,0.584
2026-05-25_Trade_1,2026-05-25,Trade 1 - Daily Directional,Trade 1,LONG,MARKET,7473.47,7403.3,7543.64,7613.81,7689.0,70.17,band0845,baseline,NO FILL,2026-05-26,,08:45 7527.0 was -0.76R worse than entry; never returned to entry by cut-off,,,,,All,,,,0.0,0.0
2026-05-25_Trade_2,2026-05-25,"Trade 2 - Pivot (TREND breakout, buy stop)",Trade 2,LONG,STOP,7447.53,7426.43,7468.98,7480.61,7492.24,21.1,band0845,baseline,NO FILL,2026-05-26,,08:45 7527.0 was -3.77R worse than entry; never returned to entry by cut-off,,,,,All,,,,0.0,0.0
2026-05-25_Trade_3A,2026-05-25,Trade 3A - Momentum-Pullback (57.5% fib),Trade 3A,LONG,LIMIT,7400.82,7320.9,7428.94,7484.6,7630.3,79.9,band0845,baseline,NO FILL,2026-05-26,,08:45 7527.0 was -1.58R worse than entry; never returned to entry by cut-off,,,,,All,,,,0.0,0.0
2026-05-26_Trade_1,2026-05-26,Trade 1 - Daily Directional,Trade 1,LONG,MARKET,7473.47,7397.96,7548.98,7624.5,7757.0,76.0,band0845,baseline,NO FILL,2026-05-27,,08:45 7531.7 was -0.77R worse than entry; never returned to entry by cut-off,,,,,All,,,,0.0,0.0
2026-05-26_Trade_2,2026-05-26,"Trade 2 - Pivot (TRANSITION breakout, buy stop)",Trade 2,LONG,STOP,7448.3,7426.33,7470.15,7482.36,7494.57,22.0,band0845,baseline,NO FILL,2026-05-27,,08:45 7531.7 was -3.80R worse than entry; never returned to entry by cut-off,,,,,All,,,,0.0,0.0
2026-05-26_Trade_3C,2026-05-26,Trade 3C - Range Breakout (conditional),Trade 3C,LONG,CONDITIONAL,7574.6,7160.29,8202.09,8527.65,,414.31,band0845,baseline,FILLED,2026-05-29,WAITED for return to entry,confirmed close 7578.2 on 2026-05-28; ,2026-05-29 10:15:00,7574.6,414.31,1.0,Unit 1,7741.2,2026-09-03 23:45:00,unresolved at end of data - MTM,0.402,0.402
2026-05-26_Trade_3C,2026-05-26,Trade 3C - Range Breakout (conditional),Trade 3C,LONG,CONDITIONAL,7574.6,7160.29,8202.09,8527.65,,414.31,band0845,baseline,FILLED,2026-05-29,WAITED for return to entry,confirmed close 7578.2 on 2026-05-28; ,2026-05-29 10:15:00,7574.6,414.31,1.0,Unit 2,7741.2,2026-09-03 23:45:00,unresolved at end of data - MTM,0.402,0.402
2026-05-26_Trade_3C,2026-05-26,Trade 3C - Range Breakout (conditional),Trade 3C,LONG,CONDITIONAL,7574.6,7160.29,8202.09,8527.65,,414.31,band0845,baseline,FILLED,2026-05-29,WAITED for return to entry,confirmed close 7578.2 on 2026-05-28; ,2026-05-29 10:15:00,7574.6,414.31,1.0,Unit 3,7741.2,2026-09-03 23:45:00,unresolved at end of data - MTM,0.402,0.402
2026-05-27_Trade_1,2026-05-27,Trade 1 - Daily Directional,Trade 1,LONG,MARKET,7519.12,7330.35,7707.89,7896.66,7694.93,188.8,band0845,baseline,FILLED,2026-05-28,IN BAND (+0.02R) market at 08:45,,2026-05-28 08:45:00,7514.7,184.35,0.977,Unit 1,7330.35,2026-06-09 18:15:00,stopped out,-1.0,-1.0
2026-05-27_Trade_1,2026-05-27,Trade 1 - Daily Directional,Trade 1,LONG,MARKET,7519.12,7330.35,7707.89,7896.66,7694.93,188.8,band0845,baseline,FILLED,2026-05-28,IN BAND (+0.02R) market at 08:45,,2026-05-28 08:45:00,7514.7,184.35,0.977,Unit 2,7330.35,2026-06-09 18:15:00,stopped out,-1.0,-1.0
2026-05-27_Trade_1,2026-05-27,Trade 1 - Daily Directional,Trade 1,LONG,MARKET,7519.12,7330.35,7707.89,7896.66,7694.93,188.8,band0845,baseline,FILLED,2026-05-28,IN BAND (+0.02R) market at 08:45,,2026-05-28 08:45:00,7514.7,184.35,0.977,Unit 3,7578.2,2026-05-28 23:45:00,card runner time-stop at entry-session close,0.344,0.313
2026-05-27_Trade_2,2026-05-27,Trade 2 - Pivot (TREND_UP),Trade 2,LONG,LIMIT,7451.26,7389.82,7538.19,7570.56,7602.92,61.4,band0845,baseline,NO FILL,2026-05-28,,08:45 7514.7 was -1.03R worse than entry; never returned to entry by cut-off,,,,,All,,,,0.0,0.0
2026-05-27_Trade_3A,2026-05-27,Trade 3A - Momentum-Pullback (57.5% fib),Trade 3A,LONG,LIMIT,7421.5,7330.35,7456.24,7525.0,7705.0,91.2,band0845,baseline,NO FILL,2026-05-28,,08:45 7514.7 was -1.02R worse than entry; never returned to entry by cut-off,,,,,All,,,,0.0,0.0
2026-05-28_Trade_1,2026-05-28,Trade 1 - Daily Directional,Trade 1,LONG,MARKET,7519.0,7471.2,7548.41,7575.81,7616.3,47.8,band0845,baseline,NO FILL,2026-05-29,,08:45 7575.8 was -1.19R worse than entry; never returned to entry by cut-off,,,,,All,,,,0.0,0.0
2026-05-28_Trade_2,2026-05-28,Trade 2 - Pivot (daily P / weekly R1 retest),Trade 2,LONG,LIMIT,7510.0,7479.0,7545.56,7577.69,7606.21,31.0,band0845,baseline,NO FILL,2026-05-29,,08:45 7575.8 was -2.12R worse than entry; never returned to entry by cut-off,,,,,All,,,,0.0,0.0
2026-05-28_Trade_3A,2026-05-28,Trade 3A - Momentum-Pullback,Trade 3A,LONG,LIMIT,7495.0,7471.0,7539.09,7567.0,7597.0,24.0,band0845,baseline,NO FILL,2026-05-29,,08:45 7575.8 was -3.37R worse than entry; never returned to entry by cut-off,,,,,All,,,,0.0,0.0
2026-05-29_Trade_1,2026-05-29,Trade 1 - Daily Directional,Trade 1,LONG,LIMIT,7535.0,7495.0,7575.0,7615.0,7655.0,40.0,band0845,baseline,NO FILL,2026-06-01,,08:45 7609.2 was -1.85R worse than entry; never returned to entry by cut-off,,,,,All,,,,0.0,0.0
2026-05-29_Trade_2,2026-05-29,Trade 2 - Pivot (buy limit daily P),Trade 2,LONG,LIMIT,7551.0,7517.0,7585.0,7619.0,7670.0,34.0,band0845,baseline,NO FILL,2026-06-01,,08:45 7609.2 was -1.71R worse than entry; never returned to entry by cut-off,,,,,All,,,,0.0,0.0
2026-05-29_Trade_3A,2026-05-29,Trade 3A - Momentum-Pullback (breakout stop),Trade 3A,LONG,STOP,7572.0,7528.0,7616.0,7660.0,7750.0,44.0,band0845,baseline,FILLED,2026-06-01,WAITED for return to entry,,2026-06-01 16:15:00,7572.0,44.0,1.0,Unit 1,7616.0,2026-06-01 20:30:00,TP1 reached,1.0,1.0
2026-05-29_Trade_3A,2026-05-29,Trade 3A - Momentum-Pullback (breakout stop),Trade 3A,LONG,STOP,7572.0,7528.0,7616.0,7660.0,7750.0,44.0,band0845,baseline,FILLED,2026-06-01,WAITED for return to entry,,2026-06-01 16:15:00,7572.0,44.0,1.0,Unit 2,7572.0,2026-06-02 04:15:00,BE trail hit (BE_ON_TP1),0.0,0.0
2026-05-29_Trade_3A,2026-05-29,Trade 3A - Momentum-Pullback (breakout stop),Trade 3A,LONG,STOP,7572.0,7528.0,7616.0,7660.0,7750.0,44.0,band0845,baseline,FILLED,2026-06-01,WAITED for return to entry,,2026-06-01 16:15:00,7572.0,44.0,1.0,Unit 3,7572.0,2026-06-02 04:15:00,BE trail hit (BE_ON_TP1),0.0,0.0
2026-06-01_Trade_1,2026-06-01,Trade 1 - Daily Directional (breakout stop),Trade 1,LONG,STOP,7599.5,7562.6,7636.5,7673.5,7715.5,36.9,band0845,baseline,FILLED,2026-06-02,IN BAND (+0.32R) market at 08:45,,2026-06-02 08:45:00,7587.8,25.2,0.683,Unit 1,7562.6,2026-06-03 19:15:00,stopped out,-1.0,-1.0
2026-06-01_Trade_1,2026-06-01,Trade 1 - Daily Directional (breakout stop),Trade 1,LONG,STOP,7599.5,7562.6,7636.5,7673.5,7715.5,36.9,band0845,baseline,FILLED,2026-06-02,IN BAND (+0.32R) market at 08:45,,2026-06-02 08:45:00,7587.8,25.2,0.683,Unit 2,7562.6,2026-06-03 19:15:00,stopped out,-1.0,-1.0
2026-06-01_Trade_1,2026-06-01,Trade 1 - Daily Directional (breakout stop),Trade 1,LONG,STOP,7599.5,7562.6,7636.5,7673.5,7715.5,36.9,band0845,baseline,FILLED,2026-06-02,IN BAND (+0.32R) market at 08:45,,2026-06-02 08:45:00,7587.8,25.2,0.683,Unit 3,7621.3,2026-06-02 23:45:00,card runner time-stop at entry-session close,1.329,0.591
2026-06-01_Trade_2,2026-06-01,Trade 2 - Pivot (buy limit daily P),Trade 2,LONG,LIMIT,7581.0,7545.2,7617.0,7653.0,7670.0,35.8,band0845,baseline,FILLED,2026-06-02,WAITED for return to entry,,2026-06-02 16:00:00,7581.0,35.8,1.0,Unit 1,7617.0,2026-06-02 17:45:00,TP1 reached,1.006,1.006
2026-06-01_Trade_2,2026-06-01,Trade 2 - Pivot (buy limit daily P),Trade 2,LONG,LIMIT,7581.0,7545.2,7617.0,7653.0,7670.0,35.8,band0845,baseline,FILLED,2026-06-02,WAITED for return to entry,,2026-06-02 16:00:00,7581.0,35.8,1.0,Unit 2,7581.0,2026-06-03 16:45:00,BE trail hit (BE_ON_TP1),0.0,0.0
2026-06-01_Trade_2,2026-06-01,Trade 2 - Pivot (buy limit daily P),Trade 2,LONG,LIMIT,7581.0,7545.2,7617.0,7653.0,7670.0,35.8,band0845,baseline,FILLED,2026-06-02,WAITED for return to entry,,2026-06-02 16:00:00,7581.0,35.8,1.0,Unit 3,7621.3,2026-06-02 23:45:00,card runner time-stop at entry-session close,1.126,1.126
2026-06-01_Trade_3A,2026-06-01,Trade 3A - Momentum-Pullback (38.2% fib),Trade 3A,LONG,LIMIT,7538.0,7520.0,7580.0,7599.0,7690.0,18.0,band0845,baseline,NO FILL,2026-06-02,,08:45 7587.8 was -2.77R worse than entry; never returned to entry by cut-off,,,,,All,,,,0.0,0.0
2026-06-02_Trade_1,2026-06-02,Trade 1 - Daily Directional,Trade 1,LONG,MARKET,7599.96,7551.51,7648.41,7696.87,7737.87,48.45,band0845,baseline,FILLED,2026-06-03,WAITED for return to entry,,2026-06-03 15:30:00,7599.96,48.45,1.0,Unit 1,7551.51,2026-06-03 23:15:00,stopped out,-1.0,-1.0
2026-06-02_Trade_1,2026-06-02,Trade 1 - Daily Directional,Trade 1,LONG,MARKET,7599.96,7551.51,7648.41,7696.87,7737.87,48.45,band0845,baseline,FILLED,2026-06-03,WAITED for return to entry,,2026-06-03 15:30:00,7599.96,48.45,1.0,Unit 2,7551.51,2026-06-03 23:15:00,stopped out,-1.0,-1.0
2026-06-02_Trade_1,2026-06-02,Trade 1 - Daily Directional,Trade 1,LONG,MARKET,7599.96,7551.51,7648.41,7696.87,7737.87,48.45,band0845,baseline,FILLED,2026-06-03,WAITED for return to entry,,2026-06-03 15:30:00,7599.96,48.45,1.0,Unit 3,7551.51,2026-06-03 23:15:00,stopped out,-1.0,-1.0
2026-06-02_Trade_2,2026-06-02,Trade 2 - Pivot (buy limit daily P),Trade 2,LONG,LIMIT,7580.81,7550.76,7610.86,7640.92,7598.63,30.05,band0845,baseline,FILLED,2026-06-03,WAITED for return to entry,,2026-06-03 16:45:00,7580.81,30.05,1.0,Unit 1,7550.76,2026-06-03 23:15:00,stopped out,-1.0,-1.0
2026-06-02_Trade_2,2026-06-02,Trade 2 - Pivot (buy limit daily P),Trade 2,LONG,LIMIT,7580.81,7550.76,7610.86,7640.92,7598.63,30.05,band0845,baseline,FILLED,2026-06-03,WAITED for return to entry,,2026-06-03 16:45:00,7580.81,30.05,1.0,Unit 2,7550.76,2026-06-03 23:15:00,stopped out,-1.0,-1.0
2026-06-02_Trade_2,2026-06-02,Trade 2 - Pivot (buy limit daily P),Trade 2,LONG,LIMIT,7580.81,7550.76,7610.86,7640.92,7598.63,30.05,band0845,baseline,FILLED,2026-06-03,WAITED for return to entry,,2026-06-03 16:45:00,7580.81,30.05,1.0,Unit 3,7550.76,2026-06-03 23:15:00,stopped out,-1.0,-1.0
2026-06-02_Trade_3A,2026-06-02,Trade 3A - Momentum-Pullback (38.2% fib),Trade 3A,LONG,LIMIT,7552.5,7525.28,7603.44,7639.71,7700.0,27.22,band0845,baseline,NO FILL,2026-06-03,,08:45 7612.7 was -2.21R worse than entry; never returned to entry by cut-off,,,,,All,,,,0.0,0.0
2026-06-03_Trade_1,2026-06-03,Trade 1 - Daily Directional,Trade 1,LONG,MARKET,7585.5,7499.14,7671.86,7758.22,7784.79,86.36,band0845,baseline,FILLED,2026-06-04,IN BAND (+0.56R) market at 08:45,,2026-06-04 08:45:00,7537.5,38.36,0.444,Unit 1,7499.14,2026-06-05 17:00:00,stopped out,-1.0,-1.0
2026-06-03_Trade_1,2026-06-03,Trade 1 - Daily Directional,Trade 1,LONG,MARKET,7585.5,7499.14,7671.86,7758.22,7784.79,86.36,band0845,baseline,FILLED,2026-06-04,IN BAND (+0.56R) market at 08:45,,2026-06-04 08:45:00,7537.5,38.36,0.444,Unit 2,7499.14,2026-06-05 17:00:00,stopped out,-1.0,-1.0
2026-06-03_Trade_1,2026-06-03,Trade 1 - Daily Directional,Trade 1,LONG,MARKET,7585.5,7499.14,7671.86,7758.22,7784.79,86.36,band0845,baseline,FILLED,2026-06-04,IN BAND (+0.56R) market at 08:45,,2026-06-04 08:45:00,7537.5,38.36,0.444,Unit 3,7582.1,2026-06-04 23:45:00,card runner time-stop at entry-session close,1.163,-0.039
2026-06-03_Trade_2,2026-06-03,Trade 2 - Pivot (buy limit daily P),Trade 2,LONG,LIMIT,7601.28,7557.81,7619.58,7639.19,7657.49,43.47,band0845,baseline,FILLED,2026-06-04,RECOVERY to entry-0.5R (7579.55),,2026-06-04 18:15:00,7579.55,21.73,0.5,Unit 1,7557.81,2026-06-05 03:00:00,stopped out,-1.0,-1.0
2026-06-03_Trade_2,2026-06-03,Trade 2 - Pivot (buy limit daily P),Trade 2,LONG,LIMIT,7601.28,7557.81,7619.58,7639.19,7657.49,43.47,band0845,baseline,FILLED,2026-06-04,RECOVERY to entry-0.5R (7579.55),,2026-06-04 18:15:00,7579.55,21.73,0.5,Unit 2,7557.81,2026-06-05 03:00:00,stopped out,-1.0,-1.0
2026-06-03_Trade_2,2026-06-03,Trade 2 - Pivot (buy limit daily P),Trade 2,LONG,LIMIT,7601.28,7557.81,7619.58,7639.19,7657.49,43.47,band0845,baseline,FILLED,2026-06-04,RECOVERY to entry-0.5R (7579.55),,2026-06-04 18:15:00,7579.55,21.73,0.5,Unit 3,7557.81,2026-06-05 03:00:00,stopped out,-1.0,-1.0
2026-06-03_Trade_3A,2026-06-03,Trade 3A - Momentum-Pullback (38.2% fib),Trade 3A,LONG,LIMIT,7573.68,7484.0,7620.9,7744.51,7850.0,89.68,band0845,baseline,FILLED,2026-06-04,IN BAND (+0.40R) market at 08:45,,2026-06-04 08:45:00,7537.5,53.5,0.597,Unit 1,7484.0,2026-06-05 18:30:00,stopped out,-1.0,-1.0
2026-06-03_Trade_3A,2026-06-03,Trade 3A - Momentum-Pullback (38.2% fib),Trade 3A,LONG,LIMIT,7573.68,7484.0,7620.9,7744.51,7850.0,89.68,band0845,baseline,FILLED,2026-06-04,IN BAND (+0.40R) market at 08:45,,2026-06-04 08:45:00,7537.5,53.5,0.597,Unit 2,7484.0,2026-06-05 18:30:00,stopped out,-1.0,-1.0
2026-06-03_Trade_3A,2026-06-03,Trade 3A - Momentum-Pullback (38.2% fib),Trade 3A,LONG,LIMIT,7573.68,7484.0,7620.9,7744.51,7850.0,89.68,band0845,baseline,FILLED,2026-06-04,IN BAND (+0.40R) market at 08:45,,2026-06-04 08:45:00,7537.5,53.5,0.597,Unit 3,7484.0,2026-06-05 18:30:00,stopped out,-1.0,-1.0
2026-06-04_Trade_1,2026-06-04,Trade 1 - Daily Directional,Trade 1,LONG,MARKET,7609.78,7573.71,7645.85,7681.92,7783.78,36.07,band0845,baseline,NO FILL,2026-06-05,,08:45 7553.8 was +1.55R beyond entry; no recovery to 7591.7 by cut-off,,,,,All,,,,0.0,0.0
2026-06-04_Trade_2,2026-06-04,Trade 2 - Pivot (TREND_UP breakout),Trade 2,LONG,STOP,7606.72,7591.48,7626.12,7634.3,7642.47,15.24,band0845,baseline,NO FILL,2026-06-05,,08:45 7553.8 was +3.47R beyond entry; no recovery to 7599.1 by cut-off,,,,,All,,,,0.0,0.0
2026-06-04_Trade_3A,2026-06-04,Trade 3A - Momentum-Pullback (57.5% fib),Trade 3A,LONG,LIMIT,7554.26,7490.5,7576.63,7620.9,7736.8,63.76,band0845,baseline,FILLED,2026-06-05,IN BAND (+0.01R) market at 08:45,,2026-06-05 08:45:00,7553.8,63.3,0.993,Unit 1,7490.5,2026-06-05 18:30:00,stopped out,-1.0,-1.0
2026-06-04_Trade_3A,2026-06-04,Trade 3A - Momentum-Pullback (57.5% fib),Trade 3A,LONG,LIMIT,7554.26,7490.5,7576.63,7620.9,7736.8,63.76,band0845,baseline,FILLED,2026-06-05,IN BAND (+0.01R) market at 08:45,,2026-06-05 08:45:00,7553.8,63.3,0.993,Unit 2,7490.5,2026-06-05 18:30:00,stopped out,-1.0,-1.0
2026-06-04_Trade_3A,2026-06-04,Trade 3A - Momentum-Pullback (57.5% fib),Trade 3A,LONG,LIMIT,7554.26,7490.5,7576.63,7620.9,7736.8,63.76,band0845,baseline,FILLED,2026-06-05,IN BAND (+0.01R) market at 08:45,,2026-06-05 08:45:00,7553.8,63.3,0.993,Unit 3,7490.5,2026-06-05 18:30:00,stopped out,-1.0,-1.0
2026-06-05_Trade_1,2026-06-05,Trade 1 - Daily Directional,Trade 1,n/a,MARKET,,,,,,,band0845,baseline,SUPPRESSED,,,,,,,,All,,,,0.0,0.0
2026-06-05_Trade_2,2026-06-05,Trade 2 - Pivot (buy limit daily P),Trade 2,LONG,LIMIT,7570.0,7512.0,7589.0,7624.0,7650.0,58.0,band0845,baseline,NO FILL,2026-06-08,,08:45 7384.3 was +3.20R beyond entry; no recovery to 7541.0 by cut-off,,,,,All,,,,0.0,0.0
2026-06-05_Trade_3A,2026-06-05,Trade 3A - Momentum-Pullback (breakout stop),Trade 3A,LONG,STOP,7593.0,7548.0,7621.0,7643.0,7697.0,45.0,band0845,baseline,NO FILL,2026-06-08,,08:45 7384.3 was +4.64R beyond entry; no recovery to 7570.5 by cut-off,,,,,All,,,,0.0,0.0
2026-06-08_Trade_1,2026-06-08,Trade 1 - Daily Directional,Trade 1,SHORT,MARKET,7384.0,7475.0,7293.0,7202.0,7105.0,91.0,band0845,baseline,FILLED,2026-06-09,IN BAND (+0.53R) market at 08:45,,2026-06-09 08:45:00,7432.1,42.9,0.471,Unit 1,7475.0,2026-06-09 16:45:00,stopped out,-1.0,-1.0
2026-06-08_Trade_1,2026-06-08,Trade 1 - Daily Directional,Trade 1,SHORT,MARKET,7384.0,7475.0,7293.0,7202.0,7105.0,91.0,band0845,baseline,FILLED,2026-06-09,IN BAND (+0.53R) market at 08:45,,2026-06-09 08:45:00,7432.1,42.9,0.471,Unit 2,7475.0,2026-06-09 16:45:00,stopped out,-1.0,-1.0
2026-06-08_Trade_1,2026-06-08,Trade 1 - Daily Directional,Trade 1,SHORT,MARKET,7384.0,7475.0,7293.0,7202.0,7105.0,91.0,band0845,baseline,FILLED,2026-06-09,IN BAND (+0.53R) market at 08:45,,2026-06-09 08:45:00,7432.1,42.9,0.471,Unit 3,7475.0,2026-06-09 16:45:00,stopped out,-1.0,-1.0
2026-06-08_Trade_3A,2026-06-08,Trade 3A - Momentum-Pullback (sell limit weekly S2),Trade 3A,SHORT,LIMIT,7460.0,7565.0,7384.0,7343.0,7105.0,105.0,band0845,baseline,FILLED,2026-06-09,WAITED for return to entry,,2026-06-09 16:30:00,7460.0,105.0,1.0,Unit 1,7384.0,2026-06-09 17:45:00,TP1 reached,0.724,0.724
2026-06-08_Trade_3A,2026-06-08,Trade 3A - Momentum-Pullback (sell limit weekly S2),Trade 3A,SHORT,LIMIT,7460.0,7565.0,7384.0,7343.0,7105.0,105.0,band0845,baseline,FILLED,2026-06-09,WAITED for return to entry,,2026-06-09 16:30:00,7460.0,105.0,1.0,Unit 2,7343.0,2026-06-09 18:15:00,TP2 reached,1.114,1.114
2026-06-08_Trade_3A,2026-06-08,Trade 3A - Momentum-Pullback (sell limit weekly S2),Trade 3A,SHORT,LIMIT,7460.0,7565.0,7384.0,7343.0,7105.0,105.0,band0845,baseline,FILLED,2026-06-09,WAITED for return to entry,,2026-06-09 16:30:00,7460.0,105.0,1.0,Unit 3,7460.0,2026-06-15 01:00:00,BE trail hit (BE_ON_TP1),-0.0,-0.0
2026-06-09_Trade_1,2026-06-09,Trade 1 - Daily Directional,Trade 1,SHORT,MARKET,7384.0,7484.0,7284.0,7184.0,7100.0,100.0,band0845,baseline,FILLED,2026-06-10,WAITED for return to entry,,2026-06-10 16:45:00,7384.0,100.0,1.0,Unit 1,7284.0,2026-06-10 22:15:00,TP1 reached,1.0,1.0
2026-06-09_Trade_1,2026-06-09,Trade 1 - Daily Directional,Trade 1,SHORT,MARKET,7384.0,7484.0,7284.0,7184.0,7100.0,100.0,band0845,baseline,FILLED,2026-06-10,WAITED for return to entry,,2026-06-10 16:45:00,7384.0,100.0,1.0,Unit 2,7384.0,2026-06-11 22:00:00,BE trail hit (BE_ON_TP1),-0.0,-0.0
2026-06-09_Trade_1,2026-06-09,Trade 1 - Daily Directional,Trade 1,SHORT,MARKET,7384.0,7484.0,7284.0,7184.0,7100.0,100.0,band0845,baseline,FILLED,2026-06-10,WAITED for return to entry,,2026-06-10 16:45:00,7384.0,100.0,1.0,Unit 3,7261.5,2026-06-10 23:45:00,card runner time-stop at entry-session close,1.225,1.225
2026-06-09_Trade_3A,2026-06-09,Trade 3A - Momentum-Pullback (sell limit daily P),Trade 3A,SHORT,LIMIT,7449.58,7521.0,7380.0,7300.0,7245.0,71.0,band0845,baseline,NO FILL,2026-06-10,,08:45 7360.0 was -1.25R worse than entry; never returned to entry by cut-off,,,,,All,,,,0.0,0.0
2026-06-10_Trade_1,2026-06-10,Trade 1 - Daily Directional (sell stop),Trade 1,SHORT,STOP,7330.0,7476.0,7257.0,7184.0,7038.0,146.0,band0845,baseline,FILLED,2026-06-11,WAITED for return to entry,,2026-06-11 11:00:00,7330.0,146.0,1.0,Unit 1,7476.0,2026-06-15 01:00:00,stopped out,-1.0,-1.0
2026-06-10_Trade_1,2026-06-10,Trade 1 - Daily Directional (sell stop),Trade 1,SHORT,STOP,7330.0,7476.0,7257.0,7184.0,7038.0,146.0,band0845,baseline,FILLED,2026-06-11,WAITED for return to entry,,2026-06-11 11:00:00,7330.0,146.0,1.0,Unit 2,7476.0,2026-06-15 01:00:00,stopped out,-1.0,-1.0
2026-06-10_Trade_1,2026-06-10,Trade 1 - Daily Directional (sell stop),Trade 1,SHORT,STOP,7330.0,7476.0,7257.0,7184.0,7038.0,146.0,band0845,baseline,FILLED,2026-06-11,WAITED for return to entry,,2026-06-11 11:00:00,7330.0,146.0,1.0,Unit 3,7394.6,2026-06-11 23:45:00,card runner time-stop at entry-session close,-0.442,-0.442
2026-06-10_Trade_2,2026-06-10,Trade 2 - Pivot (sell limit weekly P),Trade 2,SHORT,LIMIT,7460.0,7518.0,7402.0,7344.0,7330.0,58.0,band0845,baseline,NO FILL,2026-06-11,,08:45 7304.6 was -2.68R worse than entry; never returned to entry by cut-off,,,,,All,,,,0.0,0.0
2026-06-10_Trade_3C,2026-06-10,Trade 3C - Momentum-Breakout (sell stop),Trade 3C,SHORT,STOP,7322.0,7396.0,7248.0,7214.0,7105.0,74.0,band0845,baseline,FILLED,2026-06-11,WAITED for return to entry,,2026-06-11 10:15:00,7322.0,74.0,1.0,Unit 1,7396.0,2026-06-11 22:15:00,stopped out,-1.0,-1.0
2026-06-10_Trade_3C,2026-06-10,Trade 3C - Momentum-Breakout (sell stop),Trade 3C,SHORT,STOP,7322.0,7396.0,7248.0,7214.0,7105.0,74.0,band0845,baseline,FILLED,2026-06-11,WAITED for return to entry,,2026-06-11 10:15:00,7322.0,74.0,1.0,Unit 2,7396.0,2026-06-11 22:15:00,stopped out,-1.0,-1.0
2026-06-10_Trade_3C,2026-06-10,Trade 3C - Momentum-Breakout (sell stop),Trade 3C,SHORT,STOP,7322.0,7396.0,7248.0,7214.0,7105.0,74.0,band0845,baseline,FILLED,2026-06-11,WAITED for return to entry,,2026-06-11 10:15:00,7322.0,74.0,1.0,Unit 3,7396.0,2026-06-11 22:15:00,stopped out,-1.0,-1.0
2026-06-11_Trade_1,2026-06-11,Trade 1 - Daily Directional,Trade 1,SHORT,MARKET,7267.45,7552.45,6981.5,6696.1,6900.0,285.0,band0845,baseline,FILLED,2026-06-12,IN BAND (+0.46R) market at 08:45,,2026-06-12 08:45:00,7399.7,152.75,0.536,Unit 1,7552.45,2026-06-15 16:45:00,stopped out,-1.0,-1.0
2026-06-11_Trade_1,2026-06-11,Trade 1 - Daily Directional,Trade 1,SHORT,MARKET,7267.45,7552.45,6981.5,6696.1,6900.0,285.0,band0845,baseline,FILLED,2026-06-12,IN BAND (+0.46R) market at 08:45,,2026-06-12 08:45:00,7399.7,152.75,0.536,Unit 2,7552.45,2026-06-15 16:45:00,stopped out,-1.0,-1.0
2026-06-11_Trade_1,2026-06-11,Trade 1 - Daily Directional,Trade 1,SHORT,MARKET,7267.45,7552.45,6981.5,6696.1,6900.0,285.0,band0845,baseline,FILLED,2026-06-12,IN BAND (+0.46R) market at 08:45,,2026-06-12 08:45:00,7399.7,152.75,0.536,Unit 3,7433.9,2026-06-12 23:45:00,card runner time-stop at entry-session close,-0.224,-0.584
2026-06-11_Trade_3A,2026-06-11,Trade 3A - Momentum-Pullback (57.5% rally-sell),Trade 3A,SHORT,LIMIT,7463.0,7641.0,7392.0,7250.0,7000.0,178.0,band0845,baseline,NO FILL,2026-06-12,,08:45 7399.7 was -0.36R worse than entry; never returned to entry by cut-off,,,,,All,,,,0.0,0.0
2026-06-15_Trade_1,2026-06-15,Trade 1 - Daily Directional,Trade 1,LONG,MARKET,7431.51,7338.91,7524.0,7616.6,7709.1,92.6,band0845,baseline,NO FILL,2026-06-16,,08:45 7552.9 was -1.31R worse than entry; never returned to entry by cut-off,,,,,All,,,,0.0,0.0
2026-06-15_Trade_2,2026-06-15,Trade 2 - Pivot (buy stop daily R1),Trade 2,LONG,STOP,7470.9,7416.86,7524.9,7578.98,7620.0,54.04,band0845,baseline,NO FILL,2026-06-16,,08:45 7552.9 was -1.52R worse than entry; never returned to entry by cut-off,,,,,All,,,,0.0,0.0
2026-06-15_Trade_3C,2026-06-15,Trade 3C - Breakout (buy stop 5-day swing high),Trade 3C,LONG,STOP,7483.15,7416.96,7549.3,7615.5,7866.2,66.19,band0845,baseline,NO FILL,2026-06-16,,08:45 7552.9 was -1.05R worse than entry; never returned to entry by cut-off,,,,,All,,,,0.0,0.0
2026-06-16_Trade_1,2026-06-16,Trade 1 - Daily Directional,Trade 1,LONG,MARKET,7431.24,7389.24,7473.68,7515.9,7558.12,42.0,band0845,baseline,FILLED,2026-06-17,WAITED for return to entry,,2026-06-17 22:30:00,7431.24,42.0,1.0,Unit 1,7473.68,2026-06-18 02:15:00,TP1 reached,1.01,1.01
2026-06-16_Trade_1,2026-06-16,Trade 1 - Daily Directional,Trade 1,LONG,MARKET,7431.24,7389.24,7473.68,7515.9,7558.12,42.0,band0845,baseline,FILLED,2026-06-17,WAITED for return to entry,,2026-06-17 22:30:00,7431.24,42.0,1.0,Unit 2,7515.9,2026-06-18 16:15:00,TP2 reached,2.016,2.016
2026-06-16_Trade_1,2026-06-16,Trade 1 - Daily Directional,Trade 1,LONG,MARKET,7431.24,7389.24,7473.68,7515.9,7558.12,42.0,band0845,baseline,FILLED,2026-06-17,WAITED for return to entry,,2026-06-17 22:30:00,7431.24,42.0,1.0,Unit 3,7446.2,2026-06-17 23:45:00,card runner time-stop at entry-session close,0.356,0.356
2026-06-16_Trade_2,2026-06-16,Trade 2 - Pivot (buy limit daily S1),Trade 2,LONG,LIMIT,7398.71,7353.41,7443.7,7488.7,7509.11,45.3,band0845,baseline,NO FILL,2026-06-17,,08:45 7541.4 was -3.15R worse than entry; never returned to entry by cut-off,,,,,All,,,,0.0,0.0
2026-06-16_Trade_3A,2026-06-16,Trade 3A - Momentum-Pullback (pivot confluence),Trade 3A,LONG,LIMIT,7400.0,7330.0,7470.0,7506.0,7577.0,70.0,band0845,baseline,NO FILL,2026-06-17,,08:45 7541.4 was -2.02R worse than entry; never returned to entry by cut-off,,,,,All,,,,0.0,0.0
2026-06-17_Trade_1,2026-06-17,Trade 1 - Daily Directional,Trade 1,LONG,LIMIT,7558.0,7475.0,7641.0,7724.0,7800.0,83.0,band0845,baseline,FILLED,2026-06-18,RECOVERY to entry-0.5R (7516.50),,2026-06-18 16:30:00,7516.5,41.5,0.5,Unit 1,7475.0,2026-06-18 16:30:00,stopped out,-1.0,-1.0
2026-06-17_Trade_1,2026-06-17,Trade 1 - Daily Directional,Trade 1,LONG,LIMIT,7558.0,7475.0,7641.0,7724.0,7800.0,83.0,band0845,baseline,FILLED,2026-06-18,RECOVERY to entry-0.5R (7516.50),,2026-06-18 16:30:00,7516.5,41.5,0.5,Unit 2,7475.0,2026-06-18 16:30:00,stopped out,-1.0,-1.0
2026-06-17_Trade_1,2026-06-17,Trade 1 - Daily Directional,Trade 1,LONG,LIMIT,7558.0,7475.0,7641.0,7724.0,7800.0,83.0,band0845,baseline,FILLED,2026-06-18,RECOVERY to entry-0.5R (7516.50),,2026-06-18 16:30:00,7516.5,41.5,0.5,Unit 3,7475.0,2026-06-18 16:30:00,stopped out,-1.0,-1.0
2026-06-17_Trade_2,2026-06-17,Trade 2 - Pivot (buy limit daily S1),Trade 2,LONG,LIMIT,7527.0,7470.0,7584.0,7610.0,7632.0,57.0,band0845,baseline,FILLED,2026-06-18,IN BAND (+0.75R) market at 08:45,,2026-06-18 08:45:00,7484.4,14.4,0.253,Unit 1,7470.0,2026-06-18 14:30:00,stopped out,-1.0,-1.0
2026-06-17_Trade_2,2026-06-17,Trade 2 - Pivot (buy limit daily S1),Trade 2,LONG,LIMIT,7527.0,7470.0,7584.0,7610.0,7632.0,57.0,band0845,baseline,FILLED,2026-06-18,IN BAND (+0.75R) market at 08:45,,2026-06-18 08:45:00,7484.4,14.4,0.253,Unit 2,7470.0,2026-06-18 14:30:00,stopped out,-1.0,-1.0
2026-06-17_Trade_2,2026-06-17,Trade 2 - Pivot (buy limit daily S1),Trade 2,LONG,LIMIT,7527.0,7470.0,7584.0,7610.0,7632.0,57.0,band0845,baseline,FILLED,2026-06-18,IN BAND (+0.75R) market at 08:45,,2026-06-18 08:45:00,7484.4,14.4,0.253,Unit 3,7470.0,2026-06-18 14:30:00,stopped out,-1.0,-1.0
2026-06-17_Trade_3A,2026-06-17,Trade 3A - Momentum-Pullback (breakout stop),Trade 3A,LONG,STOP,7590.0,7527.0,7653.0,7716.0,7800.0,63.0,band0845,baseline,NO FILL,2026-06-18,,08:45 7484.4 was +1.68R beyond entry; no recovery to 7558.5 by cut-off,,,,,All,,,,0.0,0.0
2026-06-18_Trade_1,2026-06-18,Trade 1 - Daily Directional,Trade 1,SHORT,MARKET,7420.0,7501.0,7340.0,7259.0,7180.0,81.0,band0845,baseline,FILLED,2026-06-19,IN BAND (+0.49R) market at 08:45,,2026-06-19 08:45:00,7459.9,41.1,0.507,Unit 1,7501.0,2026-06-19 17:30:00,stopped out,-1.0,-1.0
2026-06-18_Trade_1,2026-06-18,Trade 1 - Daily Directional,Trade 1,SHORT,MARKET,7420.0,7501.0,7340.0,7259.0,7180.0,81.0,band0845,baseline,FILLED,2026-06-19,IN BAND (+0.49R) market at 08:45,,2026-06-19 08:45:00,7459.9,41.1,0.507,Unit 2,7501.0,2026-06-19 17:30:00,stopped out,-1.0,-1.0
2026-06-18_Trade_1,2026-06-18,Trade 1 - Daily Directional,Trade 1,SHORT,MARKET,7420.0,7501.0,7340.0,7259.0,7180.0,81.0,band0845,baseline,FILLED,2026-06-19,IN BAND (+0.49R) market at 08:45,,2026-06-19 08:45:00,7459.9,41.1,0.507,Unit 3,7501.0,2026-06-19 17:30:00,stopped out,-1.0,-1.0
2026-06-18_Trade_2,2026-06-18,Trade 2 - Pivot (sell limit monthly S1 / daily P),Trade 2,SHORT,LIMIT,7450.0,7506.0,7394.0,7338.0,7322.0,56.0,band0845,baseline,FILLED,2026-06-19,IN BAND (+0.18R) market at 08:45,,2026-06-19 08:45:00,7459.9,46.1,0.823,Unit 1,7506.0,2026-06-19 18:00:00,stopped out,-1.0,-1.0
2026-06-18_Trade_2,2026-06-18,Trade 2 - Pivot (sell limit monthly S1 / daily P),Trade 2,SHORT,LIMIT,7450.0,7506.0,7394.0,7338.0,7322.0,56.0,band0845,baseline,FILLED,2026-06-19,IN BAND (+0.18R) market at 08:45,,2026-06-19 08:45:00,7459.9,46.1,0.823,Unit 2,7506.0,2026-06-19 18:00:00,stopped out,-1.0,-1.0
2026-06-18_Trade_2,2026-06-18,Trade 2 - Pivot (sell limit monthly S1 / daily P),Trade 2,SHORT,LIMIT,7450.0,7506.0,7394.0,7338.0,7322.0,56.0,band0845,baseline,FILLED,2026-06-19,IN BAND (+0.18R) market at 08:45,,2026-06-19 08:45:00,7459.9,46.1,0.823,Unit 3,7506.0,2026-06-19 18:00:00,stopped out,-1.0,-1.0
2026-06-18_Trade_3C,2026-06-18,Trade 3C - Momentum-Breakout (sell stop),Trade 3C,SHORT,STOP,7369.0,7427.0,7322.0,7275.0,7182.0,58.0,band0845,baseline,NO FILL,2026-06-19,,08:45 7459.9 was +1.57R beyond entry; no recovery to 7398.0 by cut-off,,,,,All,,,,0.0,0.0
2026-06-19_Trade_1,2026-06-19,Trade 1 - Daily Directional,Trade 1,LONG,MARKET,7500.58,7465.0,7536.0,7571.0,7603.0,35.58,band0845,baseline,FILLED,2026-06-22,IN BAND (+0.44R) market at 08:45,,2026-06-22 08:45:00,7484.8,19.8,0.556,Unit 1,7536.0,2026-06-22 16:30:00,TP1 reached,2.586,0.996
2026-06-19_Trade_1,2026-06-19,Trade 1 - Daily Directional,Trade 1,LONG,MARKET,7500.58,7465.0,7536.0,7571.0,7603.0,35.58,band0845,baseline,FILLED,2026-06-22,IN BAND (+0.44R) market at 08:45,,2026-06-22 08:45:00,7484.8,19.8,0.556,Unit 2,7484.8,2026-06-22 17:30:00,BE trail hit (BE_ON_TP1),0.0,-0.444
2026-06-19_Trade_1,2026-06-19,Trade 1 - Daily Directional,Trade 1,LONG,MARKET,7500.58,7465.0,7536.0,7571.0,7603.0,35.58,band0845,baseline,FILLED,2026-06-22,IN BAND (+0.44R) market at 08:45,,2026-06-22 08:45:00,7484.8,19.8,0.556,Unit 3,7484.8,2026-06-22 17:30:00,BE trail hit (BE_ON_TP1),0.0,-0.444
2026-06-19_Trade_2,2026-06-19,Trade 2 - Pivot (buy limit daily S1),Trade 2,LONG,LIMIT,7475.58,7450.57,7500.6,7525.6,7561.0,25.01,band0845,baseline,FILLED,2026-06-22,WAITED for return to entry,,2026-06-22 17:45:00,7475.58,25.01,1.0,Unit 1,7450.57,2026-06-23 06:00:00,stopped out,-1.0,-1.0
2026-06-19_Trade_2,2026-06-19,Trade 2 - Pivot (buy limit daily S1),Trade 2,LONG,LIMIT,7475.58,7450.57,7500.6,7525.6,7561.0,25.01,band0845,baseline,FILLED,2026-06-22,WAITED for return to entry,,2026-06-22 17:45:00,7475.58,25.01,1.0,Unit 2,7450.57,2026-06-23 06:00:00,stopped out,-1.0,-1.0
2026-06-19_Trade_2,2026-06-19,Trade 2 - Pivot (buy limit daily S1),Trade 2,LONG,LIMIT,7475.58,7450.57,7500.6,7525.6,7561.0,25.01,band0845,baseline,FILLED,2026-06-22,WAITED for return to entry,,2026-06-22 17:45:00,7475.58,25.01,1.0,Unit 3,7450.57,2026-06-23 06:00:00,stopped out,-1.0,-1.0
2026-06-19_Trade_3A,2026-06-19,Trade 3A - Momentum-Pullback (breakout stop),Trade 3A,LONG,STOP,7512.0,7478.0,7546.0,7580.0,7620.0,34.0,band0845,baseline,FILLED,2026-06-22,RECOVERY to entry-0.5R (7495.00),,2026-06-22 09:15:00,7495.0,17.0,0.5,Unit 1,7478.0,2026-06-22 17:45:00,stopped out,-1.0,-1.0
2026-06-19_Trade_3A,2026-06-19,Trade 3A - Momentum-Pullback (breakout stop),Trade 3A,LONG,STOP,7512.0,7478.0,7546.0,7580.0,7620.0,34.0,band0845,baseline,FILLED,2026-06-22,RECOVERY to entry-0.5R (7495.00),,2026-06-22 09:15:00,7495.0,17.0,0.5,Unit 2,7478.0,2026-06-22 17:45:00,stopped out,-1.0,-1.0
2026-06-19_Trade_3A,2026-06-19,Trade 3A - Momentum-Pullback (breakout stop),Trade 3A,LONG,STOP,7512.0,7478.0,7546.0,7580.0,7620.0,34.0,band0845,baseline,FILLED,2026-06-22,RECOVERY to entry-0.5R (7495.00),,2026-06-22 09:15:00,7495.0,17.0,0.5,Unit 3,7478.0,2026-06-22 17:45:00,stopped out,-1.0,-1.0
2026-06-24_Trade_1,2026-06-24,Trade 1 - Daily Directional,Trade 1,SHORT,MARKET,7365.17,7470.17,7260.75,7156.04,7077.46,105.0,band0845,baseline,FILLED,2026-06-25,IN BAND (+0.49R) market at 08:45,,2026-06-25 08:45:00,7416.6,53.57,0.51,Unit 1,7470.17,2026-06-30 16:45:00,stopped out,-1.0,-1.0
2026-06-24_Trade_1,2026-06-24,Trade 1 - Daily Directional,Trade 1,SHORT,MARKET,7365.17,7470.17,7260.75,7156.04,7077.46,105.0,band0845,baseline,FILLED,2026-06-25,IN BAND (+0.49R) market at 08:45,,2026-06-25 08:45:00,7416.6,53.57,0.51,Unit 2,7470.17,2026-06-30 16:45:00,stopped out,-1.0,-1.0
2026-06-24_Trade_1,2026-06-24,Trade 1 - Daily Directional,Trade 1,SHORT,MARKET,7365.17,7470.17,7260.75,7156.04,7077.46,105.0,band0845,baseline,FILLED,2026-06-25,IN BAND (+0.49R) market at 08:45,,2026-06-25 08:45:00,7416.6,53.57,0.51,Unit 3,7377.2,2026-06-25 23:45:00,card runner time-stop at entry-session close,0.735,-0.115
2026-06-24_Trade_2,2026-06-24,Trade 2 - Pivot (sell limit daily P shelf),Trade 2,SHORT,LIMIT,7404.0,7489.0,7320.0,7235.0,7188.0,85.0,band0845,baseline,FILLED,2026-06-25,IN BAND (+0.15R) market at 08:45,,2026-06-25 08:45:00,7416.6,72.4,0.852,Unit 1,7320.0,2026-06-26 05:45:00,TP1 reached,1.334,0.988
2026-06-24_Trade_2,2026-06-24,Trade 2 - Pivot (sell limit daily P shelf),Trade 2,SHORT,LIMIT,7404.0,7489.0,7320.0,7235.0,7188.0,85.0,band0845,baseline,FILLED,2026-06-25,IN BAND (+0.15R) market at 08:45,,2026-06-25 08:45:00,7416.6,72.4,0.852,Unit 2,7416.6,2026-06-29 14:30:00,BE trail hit (BE_ON_TP1),-0.0,-0.148
2026-06-24_Trade_2,2026-06-24,Trade 2 - Pivot (sell limit daily P shelf),Trade 2,SHORT,LIMIT,7404.0,7489.0,7320.0,7235.0,7188.0,85.0,band0845,baseline,FILLED,2026-06-25,IN BAND (+0.15R) market at 08:45,,2026-06-25 08:45:00,7416.6,72.4,0.852,Unit 3,7416.6,2026-06-29 14:30:00,BE trail hit (BE_ON_TP1),-0.0,-0.148
2026-06-24_Trade_3A,2026-06-24,Trade 3A - Momentum-Pullback (38.2% rally-sell),Trade 3A,SHORT,LIMIT,7453.0,7545.0,7349.0,7270.0,7188.0,92.0,band0845,baseline,NO FILL,2026-06-25,,08:45 7416.6 was -0.40R worse than entry; never returned to entry by cut-off,,,,,All,,,,0.0,0.0
2026-06-25_Trade_1,2026-06-25,Trade 1 - Daily Directional,Trade 1,n/a,MARKET,,,,,,,band0845,baseline,SUPPRESSED,,,,,,,,All,,,,0.0,0.0
2026-06-25_Trade_2,2026-06-25,"Trade 2 - Pivot (range fade, sell limit daily R1)",Trade 2,SHORT,LIMIT,7403.21,7430.0,7379.51,7355.8,7334.51,27.0,band0845,baseline,NO FILL,2026-06-26,,08:45 7310.8 was -3.45R worse than entry; never returned to entry by cut-off,,,,,All,,,,0.0,0.0
2026-06-25_Trade_3A,2026-06-25,"Trade 3A - Momentum-Pullback (sell stop, break of 23 Jun low)",Trade 3A,SHORT,STOP,7346.0,7385.0,7318.0,7309.98,7265.81,39.0,band0845,baseline,FILLED,2026-06-26,WAITED for return to entry,,2026-06-26 09:45:00,7346.0,39.0,1.0,Unit 1,7318.0,2026-06-26 16:00:00,TP1 reached,0.718,0.718
2026-06-25_Trade_3A,2026-06-25,"Trade 3A - Momentum-Pullback (sell stop, break of 23 Jun low)",Trade 3A,SHORT,STOP,7346.0,7385.0,7318.0,7309.98,7265.81,39.0,band0845,baseline,FILLED,2026-06-26,WAITED for return to entry,,2026-06-26 09:45:00,7346.0,39.0,1.0,Unit 2,7309.98,2026-06-26 16:15:00,TP2 reached,0.924,0.924
2026-06-25_Trade_3A,2026-06-25,"Trade 3A - Momentum-Pullback (sell stop, break of 23 Jun low)",Trade 3A,SHORT,STOP,7346.0,7385.0,7318.0,7309.98,7265.81,39.0,band0845,baseline,FILLED,2026-06-26,WAITED for return to entry,,2026-06-26 09:45:00,7346.0,39.0,1.0,Unit 3,7346.0,2026-06-26 16:45:00,BE trail hit (BE_ON_TP1),-0.0,-0.0
2026-06-26_Trade_1,2026-06-26,Trade 1 - Daily Directional (sell stop),Trade 1,SHORT,STOP,7336.8,7412.0,7261.6,7186.4,7111.2,75.2,band0845,baseline,FILLED,2026-06-29,RECOVERY to entry-0.5R (7374.40),,2026-06-29 17:00:00,7374.4,37.6,0.5,Unit 1,7412.0,2026-06-29 17:30:00,stopped out,-1.0,-1.0
2026-06-26_Trade_1,2026-06-26,Trade 1 - Daily Directional (sell stop),Trade 1,SHORT,STOP,7336.8,7412.0,7261.6,7186.4,7111.2,75.2,band0845,baseline,FILLED,2026-06-29,RECOVERY to entry-0.5R (7374.40),,2026-06-29 17:00:00,7374.4,37.6,0.5,Unit 2,7412.0,2026-06-29 17:30:00,stopped out,-1.0,-1.0
2026-06-26_Trade_1,2026-06-26,Trade 1 - Daily Directional (sell stop),Trade 1,SHORT,STOP,7336.8,7412.0,7261.6,7186.4,7111.2,75.2,band0845,baseline,FILLED,2026-06-29,RECOVERY to entry-0.5R (7374.40),,2026-06-29 17:00:00,7374.4,37.6,0.5,Unit 3,7412.0,2026-06-29 17:30:00,stopped out,-1.0,-1.0
2026-06-26_Trade_2,2026-06-26,Trade 2 - Pivot (sell limit daily P),Trade 2,SHORT,LIMIT,7374.37,7465.61,7320.67,7283.13,7234.18,91.24,band0845,baseline,FILLED,2026-06-29,IN BAND (+0.27R) market at 08:45,,2026-06-29 08:45:00,7398.6,67.01,0.734,Unit 1,7465.61,2026-06-30 16:45:00,stopped out,-1.0,-1.0
2026-06-26_Trade_2,2026-06-26,Trade 2 - Pivot (sell limit daily P),Trade 2,SHORT,LIMIT,7374.37,7465.61,7320.67,7283.13,7234.18,91.24,band0845,baseline,FILLED,2026-06-29,IN BAND (+0.27R) market at 08:45,,2026-06-29 08:45:00,7398.6,67.01,0.734,Unit 2,7465.61,2026-06-30 16:45:00,stopped out,-1.0,-1.0
2026-06-26_Trade_2,2026-06-26,Trade 2 - Pivot (sell limit daily P),Trade 2,SHORT,LIMIT,7374.37,7465.61,7320.67,7283.13,7234.18,91.24,band0845,baseline,FILLED,2026-06-29,IN BAND (+0.27R) market at 08:45,,2026-06-29 08:45:00,7398.6,67.01,0.734,Unit 3,7465.61,2026-06-30 16:45:00,stopped out,-1.0,-1.0
2026-06-26_Trade_3A,2026-06-26,Trade 3A - Momentum-Pullback (sell limit daily R1 / 38.2%),Trade 3A,SHORT,LIMIT,7411.91,7465.61,7357.0,7318.39,7234.0,53.7,band0845,baseline,FILLED,2026-06-29,WAITED for return to entry,,2026-06-29 13:45:00,7411.91,53.7,1.0,Unit 1,7357.0,2026-06-29 17:15:00,TP1 reached,1.023,1.023
2026-06-26_Trade_3A,2026-06-26,Trade 3A - Momentum-Pullback (sell limit daily R1 / 38.2%),Trade 3A,SHORT,LIMIT,7411.91,7465.61,7357.0,7318.39,7234.0,53.7,band0845,baseline,FILLED,2026-06-29,WAITED for return to entry,,2026-06-29 13:45:00,7411.91,53.7,1.0,Unit 2,7411.91,2026-06-29 17:30:00,BE trail hit (BE_ON_TP1),-0.0,-0.0
2026-06-26_Trade_3A,2026-06-26,Trade 3A - Momentum-Pullback (sell limit daily R1 / 38.2%),Trade 3A,SHORT,LIMIT,7411.91,7465.61,7357.0,7318.39,7234.0,53.7,band0845,baseline,FILLED,2026-06-29,WAITED for return to entry,,2026-06-29 13:45:00,7411.91,53.7,1.0,Unit 3,7411.91,2026-06-29 17:30:00,BE trail hit (BE_ON_TP1),-0.0,-0.0
2026-06-29_Trade_1,2026-06-29,Trade 1 - Daily Directional,Trade 1,SHORT,MARKET,7354.0,7558.0,7150.1,6946.1,7018.6,204.0,band0845,baseline,FILLED,2026-06-30,IN BAND (+0.48R) market at 08:45,,2026-06-30 08:45:00,7452.4,105.6,0.518,Unit 1,7558.0,2026-07-10 17:00:00,stopped out,-1.0,-1.0
2026-06-29_Trade_1,2026-06-29,Trade 1 - Daily Directional,Trade 1,SHORT,MARKET,7354.0,7558.0,7150.1,6946.1,7018.6,204.0,band0845,baseline,FILLED,2026-06-30,IN BAND (+0.48R) market at 08:45,,2026-06-30 08:45:00,7452.4,105.6,0.518,Unit 2,7558.0,2026-07-10 17:00:00,stopped out,-1.0,-1.0
2026-06-29_Trade_1,2026-06-29,Trade 1 - Daily Directional,Trade 1,SHORT,MARKET,7354.0,7558.0,7150.1,6946.1,7018.6,204.0,band0845,baseline,FILLED,2026-06-30,IN BAND (+0.48R) market at 08:45,,2026-06-30 08:45:00,7452.4,105.6,0.518,Unit 3,7487.2,2026-06-30 23:45:00,card runner time-stop at entry-session close,-0.33,-0.653
2026-06-29_Trade_2,2026-06-29,Trade 2 - Pivot (sell stop below daily S1),Trade 2,SHORT,STOP,7296.6,7389.4,7301.2,7274.7,7248.3,93.0,band0845,baseline,NO FILL,2026-06-30,,08:45 7452.4 was +1.68R beyond entry; no recovery to 7343.0 by cut-off,,,,,All,,,,0.0,0.0
2026-06-29_Trade_3C,2026-06-29,"Trade 3C - Momentum-Breakout (sell stop, conditional)",Trade 3C,SHORT,STOP,7209.9,7349.7,7050.0,6950.0,6900.0,140.0,band0845,baseline,NO FILL,2026-06-30,,08:45 7452.4 was +1.73R beyond entry; no recovery to 7279.8 by cut-off,,,,,All,,,,0.0,0.0
2026-06-30_Trade_1,2026-06-30,Trade 1 - Daily Directional,Trade 1,SHORT,MARKET,7354.0,7500.0,7208.0,7062.0,7186.0,146.0,band0845,baseline,NO FILL,2026-07-01,,08:45 7474.9 was +0.83R beyond entry; no recovery to 7427.0 by cut-off,,,,,All,,,,0.0,0.0
2026-06-30_Trade_2,2026-06-30,Trade 2 - Pivot (sell stop below P),Trade 2,SHORT,STOP,7350.0,7369.0,7333.0,7322.0,7311.0,19.0,band0845,baseline,NO FILL,2026-07-01,,08:45 7474.9 was +6.57R beyond entry; no recovery to 7359.5 by cut-off,,,,,All,,,,0.0,0.0
2026-06-30_Trade_3A,2026-06-30,Trade 3A - Momentum-Pullback (57.5% rally-sell),Trade 3A,SHORT,LIMIT,7420.0,7500.0,7390.0,7331.0,7176.0,80.0,band0845,baseline,FILLED,2026-07-01,IN BAND (+0.69R) market at 08:45,,2026-07-01 08:45:00,7474.9,25.1,0.314,Unit 1,7500.0,2026-07-01 17:15:00,stopped out,-1.0,-1.0
2026-06-30_Trade_3A,2026-06-30,Trade 3A - Momentum-Pullback (57.5% rally-sell),Trade 3A,SHORT,LIMIT,7420.0,7500.0,7390.0,7331.0,7176.0,80.0,band0845,baseline,FILLED,2026-07-01,IN BAND (+0.69R) market at 08:45,,2026-07-01 08:45:00,7474.9,25.1,0.314,Unit 2,7500.0,2026-07-01 17:15:00,stopped out,-1.0,-1.0
2026-06-30_Trade_3A,2026-06-30,Trade 3A - Momentum-Pullback (57.5% rally-sell),Trade 3A,SHORT,LIMIT,7420.0,7500.0,7390.0,7331.0,7176.0,80.0,band0845,baseline,FILLED,2026-07-01,IN BAND (+0.69R) market at 08:45,,2026-07-01 08:45:00,7474.9,25.1,0.314,Unit 3,7500.0,2026-07-01 17:15:00,stopped out,-1.0,-1.0
2026-07-01_Trade_1,2026-07-01,Trade 1 - Daily Directional (buy limit daily P),Trade 1,LONG,LIMIT,7413.0,7377.0,7449.0,7485.0,7520.0,36.0,band0845,baseline,NO FILL,2026-07-02,,08:45 7489.9 was -2.14R worse than entry; never returned to entry by cut-off,,,,,All,,,,0.0,0.0
2026-07-01_Trade_2,2026-07-01,Trade 2 - Pivot (buy limit daily P),Trade 2,LONG,LIMIT,7413.0,7382.0,7444.0,7472.0,7531.0,31.0,band0845,baseline,NO FILL,2026-07-02,,08:45 7489.9 was -2.48R worse than entry; never returned to entry by cut-off,,,,,All,,,,0.0,0.0
2026-07-01_Trade_3A,2026-07-01,Trade 3A - Momentum-Pullback (breakout stop),Trade 3A,LONG,STOP,7446.0,7401.0,7491.0,7500.0,7531.0,45.0,band0845,baseline,FILLED,2026-07-02,WAITED for return to entry,,2026-07-02 19:45:00,7446.0,45.0,1.0,Unit 1,7491.0,2026-07-03 04:00:00,TP1 reached,1.0,1.0
2026-07-01_Trade_3A,2026-07-01,Trade 3A - Momentum-Pullback (breakout stop),Trade 3A,LONG,STOP,7446.0,7401.0,7491.0,7500.0,7531.0,45.0,band0845,baseline,FILLED,2026-07-02,WAITED for return to entry,,2026-07-02 19:45:00,7446.0,45.0,1.0,Unit 2,7500.0,2026-07-03 05:00:00,TP2 reached,1.2,1.2
2026-07-01_Trade_3A,2026-07-01,Trade 3A - Momentum-Pullback (breakout stop),Trade 3A,LONG,STOP,7446.0,7401.0,7491.0,7500.0,7531.0,45.0,band0845,baseline,FILLED,2026-07-02,WAITED for return to entry,,2026-07-02 19:45:00,7446.0,45.0,1.0,Unit 3,7531.0,2026-07-06 17:45:00,runner target reached,1.889,1.889
2026-07-02_Trade_1,2026-07-02,Trade 1 - Daily Directional,Trade 1,LONG,MARKET,7499.36,7412.56,7586.16,7672.96,7759.76,86.8,band0845,baseline,FILLED,2026-07-03,WAITED for return to entry,,2026-07-03 08:45:00,7499.36,86.8,1.0,Unit 1,7586.16,2026-07-16 08:15:00,TP1 reached,1.0,1.0
2026-07-02_Trade_1,2026-07-02,Trade 1 - Daily Directional,Trade 1,LONG,MARKET,7499.36,7412.56,7586.16,7672.96,7759.76,86.8,band0845,baseline,FILLED,2026-07-03,WAITED for return to entry,,2026-07-03 08:45:00,7499.36,86.8,1.0,Unit 2,7499.36,2026-07-17 04:30:00,BE trail hit (BE_ON_TP1),0.0,0.0
2026-07-02_Trade_1,2026-07-02,Trade 1 - Daily Directional,Trade 1,LONG,MARKET,7499.36,7412.56,7586.16,7672.96,7759.76,86.8,band0845,baseline,FILLED,2026-07-03,WAITED for return to entry,,2026-07-03 08:45:00,7499.36,86.8,1.0,Unit 3,7504.6,2026-07-03 20:00:00,card runner time-stop at entry-session close,0.06,0.06
2026-07-02_Trade_2,2026-07-02,Trade 2 - Pivot (regime-aware),Trade 2,n/a,MARKET,,,,,,,band0845,baseline,SUPPRESSED,,,,,,,,All,,,,0.0,0.0
2026-07-02_Trade_3A,2026-07-02,Trade 3A - Momentum-Pullback (57.5% fib),Trade 3A,LONG,LIMIT,7425.33,7344.02,7457.71,7499.36,7521.81,81.31,band0845,baseline,NO FILL,2026-07-03,,08:45 7500.1 was -0.92R worse than entry; never returned to entry by cut-off,,,,,All,,,,0.0,0.0
2026-07-03_Trade_1,2026-07-03,Trade 1 - Daily Directional,Trade 1,LONG,MARKET,7482.5,7428.0,7537.0,7591.0,7740.0,54.5,band0845,baseline,NO FILL,2026-07-06,,08:45 7500.6 was -0.33R worse than entry; never returned to entry by cut-off,,,,,All,,,,0.0,0.0
2026-07-03_Trade_2,2026-07-03,Trade 2 - Pivot (TRANSITION breakout side),Trade 2,n/a,MARKET,,,,,,,band0845,baseline,SUPPRESSED,,,,,,,,All,,,,0.0,0.0
2026-07-03_Trade_3C,2026-07-03,Trade 3C - Momentum-Breakout (conditional),Trade 3C,LONG,CONDITIONAL,7620.9,7391.0,8004.0,8195.0,,229.9,band0845,baseline,NO FILL,2026-08-05,,confirmed close 7747.3 on 2026-08-04; 08:45 7769.7 was -0.65R worse than entry; never returned to entry by cut-off,,,,,All,,,,0.0,0.0
2026-07-09_Trade_1,2026-07-09,Trade 1 - Daily Directional,Trade 1,n/a,MARKET,,,,,,,band0845,baseline,SUPPRESSED,,,,,,,,All,,,,0.0,0.0
2026-07-09_Trade_2,2026-07-09,Trade 2 - Pivot (sell limit daily P),Trade 2,SHORT,LIMIT,7508.9,7545.0,7472.9,7441.9,7405.9,36.1,band0845,baseline,FILLED,2026-07-10,IN BAND (+0.62R) market at 08:45,,2026-07-10 08:45:00,7531.2,13.8,0.382,Unit 1,7545.0,2026-07-10 15:00:00,stopped out,-1.0,-1.0
2026-07-09_Trade_2,2026-07-09,Trade 2 - Pivot (sell limit daily P),Trade 2,SHORT,LIMIT,7508.9,7545.0,7472.9,7441.9,7405.9,36.1,band0845,baseline,FILLED,2026-07-10,IN BAND (+0.62R) market at 08:45,,2026-07-10 08:45:00,7531.2,13.8,0.382,Unit 2,7545.0,2026-07-10 15:00:00,stopped out,-1.0,-1.0
2026-07-09_Trade_2,2026-07-09,Trade 2 - Pivot (sell limit daily P),Trade 2,SHORT,LIMIT,7508.9,7545.0,7472.9,7441.9,7405.9,36.1,band0845,baseline,FILLED,2026-07-10,IN BAND (+0.62R) market at 08:45,,2026-07-10 08:45:00,7531.2,13.8,0.382,Unit 3,7545.0,2026-07-10 15:00:00,stopped out,-1.0,-1.0
2026-07-09_Trade_3A,2026-07-09,Trade 3A - Momentum-Pullback (sell stop),Trade 3A,SHORT,STOP,7438.0,7485.0,7410.0,7392.0,7344.0,47.0,band0845,baseline,NO FILL,2026-07-10,,08:45 7531.2 was +1.98R beyond entry; no recovery to 7461.5 by cut-off,,,,,All,,,,0.0,0.0
2026-07-10_Trade_1,2026-07-10,Trade 1 - Daily Directional,Trade 1,LONG,MARKET,7543.64,7472.74,7614.54,7685.44,7663.29,70.9,band0845,baseline,FILLED,2026-07-13,IN BAND (+0.18R) market at 08:45,,2026-07-13 08:45:00,7530.7,57.96,0.817,Unit 1,7472.74,2026-07-17 07:15:00,stopped out,-1.0,-1.0
2026-07-10_Trade_1,2026-07-10,Trade 1 - Daily Directional,Trade 1,LONG,MARKET,7543.64,7472.74,7614.54,7685.44,7663.29,70.9,band0845,baseline,FILLED,2026-07-13,IN BAND (+0.18R) market at 08:45,,2026-07-13 08:45:00,7530.7,57.96,0.817,Unit 2,7472.74,2026-07-17 07:15:00,stopped out,-1.0,-1.0
2026-07-10_Trade_1,2026-07-10,Trade 1 - Daily Directional,Trade 1,LONG,MARKET,7543.64,7472.74,7614.54,7685.44,7663.29,70.9,band0845,baseline,FILLED,2026-07-13,IN BAND (+0.18R) market at 08:45,,2026-07-13 08:45:00,7530.7,57.96,0.817,Unit 3,7510.2,2026-07-13 23:45:00,card runner time-stop at entry-session close,-0.354,-0.472
2026-07-10_Trade_2,2026-07-10,Trade 2 - Pivot (regime-aware),Trade 2,n/a,MARKET,,,,,,,band0845,baseline,SUPPRESSED,,,,,,,,All,,,,0.0,0.0
2026-07-10_Trade_3C,2026-07-10,Trade 3C - Momentum-Breakout,Trade 3C,n/a,MARKET,,,,,,,band0845,baseline,SUPPRESSED,,,,,,,,All,,,,0.0,0.0
2026-07-13_Trade_1,2026-07-13,Trade 1 - Daily Directional,Trade 1,LONG,MARKET,7575.39,7480.25,7670.53,7765.67,7827.75,95.14,band0845,baseline,FILLED,2026-07-14,IN BAND (+0.53R) market at 08:45,,2026-07-14 08:45:00,7525.0,44.75,0.47,Unit 1,7480.25,2026-07-17 07:00:00,stopped out,-1.0,-1.0
2026-07-13_Trade_1,2026-07-13,Trade 1 - Daily Directional,Trade 1,LONG,MARKET,7575.39,7480.25,7670.53,7765.67,7827.75,95.14,band0845,baseline,FILLED,2026-07-14,IN BAND (+0.53R) market at 08:45,,2026-07-14 08:45:00,7525.0,44.75,0.47,Unit 2,7480.25,2026-07-17 07:00:00,stopped out,-1.0,-1.0
2026-07-13_Trade_1,2026-07-13,Trade 1 - Daily Directional,Trade 1,LONG,MARKET,7575.39,7480.25,7670.53,7765.67,7827.75,95.14,band0845,baseline,FILLED,2026-07-14,IN BAND (+0.53R) market at 08:45,,2026-07-14 08:45:00,7525.0,44.75,0.47,Unit 3,7547.6,2026-07-14 23:45:00,card runner time-stop at entry-session close,0.505,-0.292
2026-07-13_Trade_2,2026-07-13,Trade 2 - Pivot (TRANSITION breakout side),Trade 2,LONG,STOP,7577.84,7505.84,7577.84,7589.25,7620.0,72.0,band0845,baseline,FILLED,2026-07-14,IN BAND (+0.73R) market at 08:45,,2026-07-14 08:45:00,7525.0,19.16,0.266,Unit 1,7505.84,2026-07-14 14:00:00,stopped out,-1.0,-1.0
2026-07-13_Trade_2,2026-07-13,Trade 2 - Pivot (TRANSITION breakout side),Trade 2,LONG,STOP,7577.84,7505.84,7577.84,7589.25,7620.0,72.0,band0845,baseline,FILLED,2026-07-14,IN BAND (+0.73R) market at 08:45,,2026-07-14 08:45:00,7525.0,19.16,0.266,Unit 2,7505.84,2026-07-14 14:00:00,stopped out,-1.0,-1.0
2026-07-13_Trade_2,2026-07-13,Trade 2 - Pivot (TRANSITION breakout side),Trade 2,LONG,STOP,7577.84,7505.84,7577.84,7589.25,7620.0,72.0,band0845,baseline,FILLED,2026-07-14,IN BAND (+0.73R) market at 08:45,,2026-07-14 08:45:00,7525.0,19.16,0.266,Unit 3,7505.84,2026-07-14 14:00:00,stopped out,-1.0,-1.0
2026-07-13_Trade_3C,2026-07-13,Trade 3C - Momentum-Breakout,Trade 3C,n/a,MARKET,,,,,,,band0845,baseline,SUPPRESSED,,,,,,,,All,,,,0.0,0.0
2026-07-14_Trade_1,2026-07-14,Trade 1 - Daily Directional,Trade 1,LONG,MARKET,7575.39,7529.06,7621.7,7668.0,7743.0,46.3,band0845,baseline,FILLED,2026-07-15,IN BAND (+0.28R) market at 08:45,,2026-07-15 08:45:00,7562.5,33.44,0.722,Unit 1,7529.06,2026-07-15 19:30:00,stopped out,-1.0,-1.0
2026-07-14_Trade_1,2026-07-14,Trade 1 - Daily Directional,Trade 1,LONG,MARKET,7575.39,7529.06,7621.7,7668.0,7743.0,46.3,band0845,baseline,FILLED,2026-07-15,IN BAND (+0.28R) market at 08:45,,2026-07-15 08:45:00,7562.5,33.44,0.722,Unit 2,7529.06,2026-07-15 19:30:00,stopped out,-1.0,-1.0
2026-07-14_Trade_1,2026-07-14,Trade 1 - Daily Directional,Trade 1,LONG,MARKET,7575.39,7529.06,7621.7,7668.0,7743.0,46.3,band0845,baseline,FILLED,2026-07-15,IN BAND (+0.28R) market at 08:45,,2026-07-15 08:45:00,7562.5,33.44,0.722,Unit 3,7529.06,2026-07-15 19:30:00,stopped out,-1.0,-1.0
2026-07-14_Trade_2,2026-07-14,Trade 2 - Pivot (buy limit daily P),Trade 2,LONG,LIMIT,7554.49,7482.72,7600.83,7626.26,7672.6,71.77,band0845,baseline,FILLED,2026-07-15,WAITED for return to entry,,2026-07-15 10:15:00,7554.49,71.77,1.0,Unit 1,7482.72,2026-07-17 07:00:00,stopped out,-1.0,-1.0
2026-07-14_Trade_2,2026-07-14,Trade 2 - Pivot (buy limit daily P),Trade 2,LONG,LIMIT,7554.49,7482.72,7600.83,7626.26,7672.6,71.77,band0845,baseline,FILLED,2026-07-15,WAITED for return to entry,,2026-07-15 10:15:00,7554.49,71.77,1.0,Unit 2,7482.72,2026-07-17 07:00:00,stopped out,-1.0,-1.0
2026-07-14_Trade_2,2026-07-14,Trade 2 - Pivot (buy limit daily P),Trade 2,LONG,LIMIT,7554.49,7482.72,7600.83,7626.26,7672.6,71.77,band0845,baseline,FILLED,2026-07-15,WAITED for return to entry,,2026-07-15 10:15:00,7554.49,71.77,1.0,Unit 3,7482.72,2026-07-17 07:00:00,stopped out,-1.0,-1.0
2026-07-14_Trade_3A,2026-07-14,Trade 3A - Momentum-Pullback (breakout stop),Trade 3A,LONG,STOP,7581.0,7508.16,7620.9,7739.0,7800.0,72.84,band0845,baseline,FILLED,2026-07-15,IN BAND (+0.25R) market at 08:45,,2026-07-15 08:45:00,7562.5,54.34,0.746,Unit 1,7508.16,2026-07-16 22:45:00,stopped out,-1.0,-1.0
2026-07-14_Trade_3A,2026-07-14,Trade 3A - Momentum-Pullback (breakout stop),Trade 3A,LONG,STOP,7581.0,7508.16,7620.9,7739.0,7800.0,72.84,band0845,baseline,FILLED,2026-07-15,IN BAND (+0.25R) market at 08:45,,2026-07-15 08:45:00,7562.5,54.34,0.746,Unit 2,7508.16,2026-07-16 22:45:00,stopped out,-1.0,-1.0
2026-07-14_Trade_3A,2026-07-14,Trade 3A - Momentum-Pullback (breakout stop),Trade 3A,LONG,STOP,7581.0,7508.16,7620.9,7739.0,7800.0,72.84,band0845,baseline,FILLED,2026-07-15,IN BAND (+0.25R) market at 08:45,,2026-07-15 08:45:00,7562.5,54.34,0.746,Unit 3,7508.16,2026-07-16 22:45:00,stopped out,-1.0,-1.0
2026-07-15_Trade_1,2026-07-15,Trade 1 - Daily Directional,Trade 1,LONG,MARKET,7543.6,7483.4,7603.8,7664.0,7724.0,60.2,band0845,baseline,FILLED,2026-07-16,WAITED for return to entry,,2026-07-16 14:45:00,7543.6,60.2,1.0,Unit 1,7483.4,2026-07-17 06:45:00,stopped out,-1.0,-1.0
2026-07-15_Trade_1,2026-07-15,Trade 1 - Daily Directional,Trade 1,LONG,MARKET,7543.6,7483.4,7603.8,7664.0,7724.0,60.2,band0845,baseline,FILLED,2026-07-16,WAITED for return to entry,,2026-07-16 14:45:00,7543.6,60.2,1.0,Unit 2,7483.4,2026-07-17 06:45:00,stopped out,-1.0,-1.0
2026-07-15_Trade_1,2026-07-15,Trade 1 - Daily Directional,Trade 1,LONG,MARKET,7543.6,7483.4,7603.8,7664.0,7724.0,60.2,band0845,baseline,FILLED,2026-07-16,WAITED for return to entry,,2026-07-16 14:45:00,7543.6,60.2,1.0,Unit 3,7526.2,2026-07-16 23:45:00,card runner time-stop at entry-session close,-0.289,-0.289
2026-07-15_Trade_2,2026-07-15,Trade 2 - Pivot (TRANSITION breakout side),Trade 2,LONG,STOP,7530.6,7497.8,7553.2,7572.2,7591.1,32.8,band0845,baseline,FILLED,2026-07-16,WAITED for return to entry,,2026-07-16 21:30:00,7530.6,32.8,1.0,Unit 1,7497.8,2026-07-17 04:30:00,stopped out,-1.0,-1.0
2026-07-15_Trade_2,2026-07-15,Trade 2 - Pivot (TRANSITION breakout side),Trade 2,LONG,STOP,7530.6,7497.8,7553.2,7572.2,7591.1,32.8,band0845,baseline,FILLED,2026-07-16,WAITED for return to entry,,2026-07-16 21:30:00,7530.6,32.8,1.0,Unit 2,7497.8,2026-07-17 04:30:00,stopped out,-1.0,-1.0
2026-07-15_Trade_2,2026-07-15,Trade 2 - Pivot (TRANSITION breakout side),Trade 2,LONG,STOP,7530.6,7497.8,7553.2,7572.2,7591.1,32.8,band0845,baseline,FILLED,2026-07-16,WAITED for return to entry,,2026-07-16 21:30:00,7530.6,32.8,1.0,Unit 3,7497.8,2026-07-17 04:30:00,stopped out,-1.0,-1.0
2026-07-15_Trade_3C,2026-07-15,Trade 3C - Momentum-Breakout,Trade 3C,n/a,MARKET,,,,,,,band0845,baseline,SUPPRESSED,,,,,,,,All,,,,0.0,0.0
2026-07-16_Trade_1,2026-07-16,Trade 1 - Daily Directional,Trade 1,LONG,MARKET,7543.59,7402.26,7684.93,7826.26,7778.37,141.34,band0845,baseline,FILLED,2026-07-17,IN BAND (+0.54R) market at 08:45,,2026-07-17 08:45:00,7466.6,64.34,0.455,Unit 1,7402.26,2026-07-23 18:00:00,stopped out,-1.0,-1.0
2026-07-16_Trade_1,2026-07-16,Trade 1 - Daily Directional,Trade 1,LONG,MARKET,7543.59,7402.26,7684.93,7826.26,7778.37,141.34,band0845,baseline,FILLED,2026-07-17,IN BAND (+0.54R) market at 08:45,,2026-07-17 08:45:00,7466.6,64.34,0.455,Unit 2,7402.26,2026-07-23 18:00:00,stopped out,-1.0,-1.0
2026-07-16_Trade_1,2026-07-16,Trade 1 - Daily Directional,Trade 1,LONG,MARKET,7543.59,7402.26,7684.93,7826.26,7778.37,141.34,band0845,baseline,FILLED,2026-07-17,IN BAND (+0.54R) market at 08:45,,2026-07-17 08:45:00,7466.6,64.34,0.455,Unit 3,7455.3,2026-07-17 23:45:00,card runner time-stop at entry-session close,-0.176,-0.625
2026-07-16_Trade_2,2026-07-16,Trade 2 - Pivot (buy limit daily P),Trade 2,LONG,LIMIT,7538.09,7518.73,7562.94,7572.62,7590.0,19.36,band0845,baseline,NO FILL,2026-07-17,,08:45 7466.6 was +3.69R beyond entry; no recovery to 7528.4 by cut-off,,,,,All,,,,0.0,0.0
2026-07-16_Trade_3C,2026-07-16,Trade 3C - Transition Breakout,Trade 3C,n/a,MARKET,,,,,,,band0845,baseline,SUPPRESSED,,,,,,,,All,,,,0.0,0.0
2026-07-17_Trade_1,2026-07-17,Trade 1 - Daily Directional,Trade 1,SHORT,MARKET,7542.76,7586.27,7499.25,7455.75,7327.55,43.51,band0845,baseline,NO FILL,2026-07-20,,08:45 7458.3 was -1.94R worse than entry; never returned to entry by cut-off,,,,,All,,,,0.0,0.0
2026-07-17_Trade_2,2026-07-17,Trade 2 - Pivot (buy limit daily S1),Trade 2,LONG,LIMIT,7501.61,7453.57,7549.65,7597.7,7716.82,48.04,band0845,baseline,FILLED,2026-07-20,RECOVERY to entry-0.5R (7477.59),,2026-07-20 10:30:00,7477.59,24.02,0.5,Unit 1,7453.57,2026-07-20 21:30:00,stopped out,-1.0,-1.0
2026-07-17_Trade_2,2026-07-17,Trade 2 - Pivot (buy limit daily S1),Trade 2,LONG,LIMIT,7501.61,7453.57,7549.65,7597.7,7716.82,48.04,band0845,baseline,FILLED,2026-07-20,RECOVERY to entry-0.5R (7477.59),,2026-07-20 10:30:00,7477.59,24.02,0.5,Unit 2,7453.57,2026-07-20 21:30:00,stopped out,-1.0,-1.0
2026-07-17_Trade_2,2026-07-17,Trade 2 - Pivot (buy limit daily S1),Trade 2,LONG,LIMIT,7501.61,7453.57,7549.65,7597.7,7716.82,48.04,band0845,baseline,FILLED,2026-07-20,RECOVERY to entry-0.5R (7477.59),,2026-07-20 10:30:00,7477.59,24.02,0.5,Unit 3,7453.57,2026-07-20 21:30:00,stopped out,-1.0,-1.0
2026-07-17_Trade_3,2026-07-17,Trade 3 - Pivot fade (sell limit daily R1),Trade 3,SHORT,LIMIT,7568.33,7599.43,7537.23,7506.12,7353.12,31.1,band0845,baseline,NO FILL,2026-07-20,,08:45 7458.3 was -3.54R worse than entry; never returned to entry by cut-off,,,,,All,,,,0.0,0.0
2026-07-20_Trade_1,2026-07-20,Trade 1 - Daily Directional,Trade 1,SHORT,MARKET,7457.69,7516.52,7398.86,7340.04,7241.13,58.83,band0845,baseline,FILLED,2026-07-21,IN BAND (+0.43R) market at 08:45,,2026-07-21 08:45:00,7483.0,33.52,0.57,Unit 1,7516.52,2026-07-22 17:00:00,stopped out,-1.0,-1.0
2026-07-20_Trade_1,2026-07-20,Trade 1 - Daily Directional,Trade 1,SHORT,MARKET,7457.69,7516.52,7398.86,7340.04,7241.13,58.83,band0845,baseline,FILLED,2026-07-21,IN BAND (+0.43R) market at 08:45,,2026-07-21 08:45:00,7483.0,33.52,0.57,Unit 2,7516.52,2026-07-22 17:00:00,stopped out,-1.0,-1.0
2026-07-20_Trade_1,2026-07-20,Trade 1 - Daily Directional,Trade 1,SHORT,MARKET,7457.69,7516.52,7398.86,7340.04,7241.13,58.83,band0845,baseline,FILLED,2026-07-21,IN BAND (+0.43R) market at 08:45,,2026-07-21 08:45:00,7483.0,33.52,0.57,Unit 3,7503.7,2026-07-21 23:45:00,card runner time-stop at entry-session close,-0.618,-0.782
2026-07-20_Trade_2,2026-07-20,Trade 2 - Pivot (TRANSITION down-break side),Trade 2,SHORT,STOP,7458.87,7487.44,7426.48,7410.87,7395.26,28.57,band0845,baseline,FILLED,2026-07-21,RECOVERY to entry-0.5R (7473.15),,2026-07-21 15:15:00,7473.15,14.28,0.5,Unit 1,7487.44,2026-07-21 16:15:00,stopped out,-1.0,-1.0
2026-07-20_Trade_2,2026-07-20,Trade 2 - Pivot (TRANSITION down-break side),Trade 2,SHORT,STOP,7458.87,7487.44,7426.48,7410.87,7395.26,28.57,band0845,baseline,FILLED,2026-07-21,RECOVERY to entry-0.5R (7473.15),,2026-07-21 15:15:00,7473.15,14.28,0.5,Unit 2,7487.44,2026-07-21 16:15:00,stopped out,-1.0,-1.0
2026-07-20_Trade_2,2026-07-20,Trade 2 - Pivot (TRANSITION down-break side),Trade 2,SHORT,STOP,7458.87,7487.44,7426.48,7410.87,7395.26,28.57,band0845,baseline,FILLED,2026-07-21,RECOVERY to entry-0.5R (7473.15),,2026-07-21 15:15:00,7473.15,14.28,0.5,Unit 3,7487.44,2026-07-21 16:15:00,stopped out,-1.0,-1.0
2026-07-20_Trade_3C,2026-07-20,Trade 3C - Momentum-Breakout (conditional),Trade 3C,SHORT,CONDITIONAL,7276.13,7470.83,6999.76,6852.55,,194.7,band0845,baseline,NO TRIGGER,,,confirming close beyond 7276.13 never printed,,,,,All,,,,0.0,0.0
2026-07-21_Trade_1,2026-07-21,Trade 1 - Daily Directional,Trade 1,SHORT,MARKET,7443.0,7502.0,7384.0,7325.0,7245.0,59.0,band0845,baseline,FILLED,2026-07-22,RECOVERY to entry-0.5R (7472.50),,2026-07-22 15:45:00,7472.5,29.5,0.5,Unit 1,7502.0,2026-07-22 16:45:00,stopped out,-1.0,-1.0
2026-07-21_Trade_1,2026-07-21,Trade 1 - Daily Directional,Trade 1,SHORT,MARKET,7443.0,7502.0,7384.0,7325.0,7245.0,59.0,band0845,baseline,FILLED,2026-07-22,RECOVERY to entry-0.5R (7472.50),,2026-07-22 15:45:00,7472.5,29.5,0.5,Unit 2,7502.0,2026-07-22 16:45:00,stopped out,-1.0,-1.0
2026-07-21_Trade_1,2026-07-21,Trade 1 - Daily Directional,Trade 1,SHORT,MARKET,7443.0,7502.0,7384.0,7325.0,7245.0,59.0,band0845,baseline,FILLED,2026-07-22,RECOVERY to entry-0.5R (7472.50),,2026-07-22 15:45:00,7472.5,29.5,0.5,Unit 3,7502.0,2026-07-22 16:45:00,stopped out,-1.0,-1.0
2026-07-21_Trade_2,2026-07-21,Trade 2 - Pivot (regime-aware),Trade 2,n/a,MARKET,,,,,,,band0845,baseline,SUPPRESSED,,,,,,,,All,,,,0.0,0.0
2026-07-21_Trade_3C,2026-07-21,Trade 3C - Momentum-Breakout (conditional short),Trade 3C,SHORT,CONDITIONAL,7443.0,7530.0,7094.0,6933.0,6800.0,87.0,band0845,baseline,FILLED,2026-07-24,WAITED for return to entry,confirmed close 7418.0 on 2026-07-23; ,2026-07-24 18:00:00,7443.0,87.0,1.0,Unit 1,7530.0,2026-08-03 04:45:00,stopped out,-1.0,-1.0
2026-07-21_Trade_3C,2026-07-21,Trade 3C - Momentum-Breakout (conditional short),Trade 3C,SHORT,CONDITIONAL,7443.0,7530.0,7094.0,6933.0,6800.0,87.0,band0845,baseline,FILLED,2026-07-24,WAITED for return to entry,confirmed close 7418.0 on 2026-07-23; ,2026-07-24 18:00:00,7443.0,87.0,1.0,Unit 2,7530.0,2026-08-03 04:45:00,stopped out,-1.0,-1.0
2026-07-21_Trade_3C,2026-07-21,Trade 3C - Momentum-Breakout (conditional short),Trade 3C,SHORT,CONDITIONAL,7443.0,7530.0,7094.0,6933.0,6800.0,87.0,band0845,baseline,FILLED,2026-07-24,WAITED for return to entry,confirmed close 7418.0 on 2026-07-23; ,2026-07-24 18:00:00,7443.0,87.0,1.0,Unit 3,7530.0,2026-08-03 04:45:00,stopped out,-1.0,-1.0
2026-07-22_Trade_1,2026-07-22,Trade 1 - Daily Directional,Trade 1,n/a,MARKET,,,,,,,band0845,baseline,SUPPRESSED,,,,,,,,All,,,,0.0,0.0
2026-07-22_Trade_2,2026-07-22,Trade 2 - Pivot (regime-aware),Trade 2,n/a,MARKET,,,,,,,band0845,baseline,SUPPRESSED,,,,,,,,All,,,,0.0,0.0
2026-07-22_Trade_3B,2026-07-22,"Trade 3B - Mean-Reversion (range fade, short leg)",Trade 3B,SHORT,LIMIT,7524.1,7556.5,7442.9,7329.3,7300.9,32.4,band0845,baseline,NO FILL,2026-07-23,,08:45 7493.3 was -0.95R worse than entry; never returned to entry by cut-off,,,,,All,,,,0.0,0.0
2026-07-23_Trade_1,2026-07-23,Trade 1 - Daily Directional,Trade 1,SHORT,MARKET,7498.96,7521.14,7476.78,7454.6,7286.22,22.18,band0845,baseline,NO FILL,2026-07-24,,08:45 7411.4 was -3.95R worse than entry; never returned to entry by cut-off,,,,,All,,,,0.0,0.0
2026-07-23_Trade_2,2026-07-23,Trade 2 - Pivot (buy limit daily S1),Trade 2,LONG,LIMIT,7483.19,7414.64,7551.74,7620.28,7695.92,68.55,band0845,baseline,FILLED,2026-07-24,RECOVERY to entry-0.5R (7448.91),,2026-07-24 18:15:00,7448.91,34.27,0.5,Unit 1,7414.64,2026-07-24 21:15:00,stopped out,-1.0,-1.0
2026-07-23_Trade_2,2026-07-23,Trade 2 - Pivot (buy limit daily S1),Trade 2,LONG,LIMIT,7483.19,7414.64,7551.74,7620.28,7695.92,68.55,band0845,baseline,FILLED,2026-07-24,RECOVERY to entry-0.5R (7448.91),,2026-07-24 18:15:00,7448.91,34.27,0.5,Unit 2,7414.64,2026-07-24 21:15:00,stopped out,-1.0,-1.0
2026-07-23_Trade_2,2026-07-23,Trade 2 - Pivot (buy limit daily S1),Trade 2,LONG,LIMIT,7483.19,7414.64,7551.74,7620.28,7695.92,68.55,band0845,baseline,FILLED,2026-07-24,RECOVERY to entry-0.5R (7448.91),,2026-07-24 18:15:00,7448.91,34.27,0.5,Unit 3,7414.64,2026-07-24 21:15:00,stopped out,-1.0,-1.0
2026-07-23_Trade_3,2026-07-23,Trade 3 - Pivot fade (sell limit daily R2),Trade 3,SHORT,LIMIT,7540.65,7588.26,7504.03,7490.13,7483.19,47.61,band0845,baseline,NO FILL,2026-07-24,,08:45 7411.4 was -2.71R worse than entry; never returned to entry by cut-off,,,,,All,,,,0.0,0.0
2026-07-24_Trade_1,2026-07-24,Trade 1 - Daily Directional,Trade 1,SHORT,MARKET,7408.3,7446.52,7370.08,7331.86,7190.5,38.22,band0845,baseline,FILLED,2026-07-27,RECOVERY to entry-0.5R (7427.41),,2026-07-27 17:15:00,7427.41,19.11,0.5,Unit 1,7446.52,2026-07-28 18:45:00,stopped out,-1.0,-1.0
2026-07-24_Trade_1,2026-07-24,Trade 1 - Daily Directional,Trade 1,SHORT,MARKET,7408.3,7446.52,7370.08,7331.86,7190.5,38.22,band0845,baseline,FILLED,2026-07-27,RECOVERY to entry-0.5R (7427.41),,2026-07-27 17:15:00,7427.41,19.11,0.5,Unit 2,7446.52,2026-07-28 18:45:00,stopped out,-1.0,-1.0
2026-07-24_Trade_1,2026-07-24,Trade 1 - Daily Directional,Trade 1,SHORT,MARKET,7408.3,7446.52,7370.08,7331.86,7190.5,38.22,band0845,baseline,FILLED,2026-07-27,RECOVERY to entry-0.5R (7427.41),,2026-07-27 17:15:00,7427.41,19.11,0.5,Unit 3,7417.8,2026-07-27 23:45:00,card runner time-stop at entry-session close,0.503,-0.249
2026-07-24_Trade_2,2026-07-24,Trade 2 - Pivot (sell limit daily P),Trade 2,SHORT,LIMIT,7428.37,7479.28,7375.53,7342.77,7289.93,50.91,band0845,baseline,FILLED,2026-07-27,RECOVERY to entry-0.5R (7453.82),,2026-07-27 16:45:00,7453.82,25.45,0.5,Unit 1,7375.53,2026-07-29 17:00:00,TP1 reached,3.076,1.038
2026-07-24_Trade_2,2026-07-24,Trade 2 - Pivot (sell limit daily P),Trade 2,SHORT,LIMIT,7428.37,7479.28,7375.53,7342.77,7289.93,50.91,band0845,baseline,FILLED,2026-07-27,RECOVERY to entry-0.5R (7453.82),,2026-07-27 16:45:00,7453.82,25.45,0.5,Unit 2,7342.77,2026-07-29 19:15:00,TP2 reached,4.363,1.681
2026-07-24_Trade_2,2026-07-24,Trade 2 - Pivot (sell limit daily P),Trade 2,SHORT,LIMIT,7428.37,7479.28,7375.53,7342.77,7289.93,50.91,band0845,baseline,FILLED,2026-07-27,RECOVERY to entry-0.5R (7453.82),,2026-07-27 16:45:00,7453.82,25.45,0.5,Unit 3,7453.82,2026-07-30 23:00:00,BE trail hit (BE_ON_TP1),-0.0,-0.5
2026-07-24_Trade_3A,2026-07-24,Trade 3A - Momentum-Pullback (38.2% rally-sell),Trade 3A,SHORT,LIMIT,7481.66,7552.99,7395.6,7334.32,7256.36,71.33,band0845,baseline,FILLED,2026-07-27,WAITED for return to entry,,2026-07-27 09:00:00,7481.66,71.33,1.0,Unit 1,7395.6,2026-07-27 17:30:00,TP1 reached,1.207,1.207
2026-07-24_Trade_3A,2026-07-24,Trade 3A - Momentum-Pullback (38.2% rally-sell),Trade 3A,SHORT,LIMIT,7481.66,7552.99,7395.6,7334.32,7256.36,71.33,band0845,baseline,FILLED,2026-07-27,WAITED for return to entry,,2026-07-27 09:00:00,7481.66,71.33,1.0,Unit 2,7334.32,2026-07-29 22:30:00,TP2 reached,2.066,2.066
2026-07-24_Trade_3A,2026-07-24,Trade 3A - Momentum-Pullback (38.2% rally-sell),Trade 3A,SHORT,LIMIT,7481.66,7552.99,7395.6,7334.32,7256.36,71.33,band0845,baseline,FILLED,2026-07-27,WAITED for return to entry,,2026-07-27 09:00:00,7481.66,71.33,1.0,Unit 3,7481.66,2026-07-31 11:15:00,BE trail hit (BE_ON_TP1),-0.0,-0.0
2026-07-27_Trade_1,2026-07-27,Trade 1 - Daily Directional,Trade 1,n/a,MARKET,,,,,,,band0845,baseline,SUPPRESSED,,,,,,,,All,,,,0.0,0.0
2026-07-27_Trade_2,2026-07-27,Trade 2 - Pivot (TRANSITION breakout side),Trade 2,LONG,STOP,7425.82,7392.91,7449.8,7468.7,7487.61,32.91,band0845,baseline,FILLED,2026-07-28,RECOVERY to entry-0.5R (7409.36),,2026-07-28 11:15:00,7409.36,16.45,0.5,Unit 1,7392.91,2026-07-28 11:15:00,stopped out,-1.0,-1.0
2026-07-27_Trade_2,2026-07-27,Trade 2 - Pivot (TRANSITION breakout side),Trade 2,LONG,STOP,7425.82,7392.91,7449.8,7468.7,7487.61,32.91,band0845,baseline,FILLED,2026-07-28,RECOVERY to entry-0.5R (7409.36),,2026-07-28 11:15:00,7409.36,16.45,0.5,Unit 2,7392.91,2026-07-28 11:15:00,stopped out,-1.0,-1.0
2026-07-27_Trade_2,2026-07-27,Trade 2 - Pivot (TRANSITION breakout side),Trade 2,LONG,STOP,7425.82,7392.91,7449.8,7468.7,7487.61,32.91,band0845,baseline,FILLED,2026-07-28,RECOVERY to entry-0.5R (7409.36),,2026-07-28 11:15:00,7409.36,16.45,0.5,Unit 3,7392.91,2026-07-28 11:15:00,stopped out,-1.0,-1.0
2026-07-27_Trade_3C,2026-07-27,Trade 3C - Momentum-Breakout (conditional upside),Trade 3C,LONG,CONDITIONAL,7598.01,7409.11,7868.82,8012.48,,188.9,band0845,baseline,NO FILL,2026-08-04,,confirmed close 7603.2 on 2026-08-03; 08:45 7619.8 was -0.12R worse than entry; never returned to entry by cut-off,,,,,All,,,,0.0,0.0
2026-07-28_Trade_1,2026-07-28,Trade 1 - Daily Directional,Trade 1,LONG,LIMIT,7392.0,7357.0,7427.0,7462.0,7538.0,35.0,band0845,baseline,FILLED,2026-07-29,WAITED for return to entry,,2026-07-29 16:45:00,7392.0,35.0,1.0,Unit 1,7357.0,2026-07-29 18:45:00,stopped out,-1.0,-1.0
2026-07-28_Trade_1,2026-07-28,Trade 1 - Daily Directional,Trade 1,LONG,LIMIT,7392.0,7357.0,7427.0,7462.0,7538.0,35.0,band0845,baseline,FILLED,2026-07-29,WAITED for return to entry,,2026-07-29 16:45:00,7392.0,35.0,1.0,Unit 2,7357.0,2026-07-29 18:45:00,stopped out,-1.0,-1.0
2026-07-28_Trade_1,2026-07-28,Trade 1 - Daily Directional,Trade 1,LONG,LIMIT,7392.0,7357.0,7427.0,7462.0,7538.0,35.0,band0845,baseline,FILLED,2026-07-29,WAITED for return to entry,,2026-07-29 16:45:00,7392.0,35.0,1.0,Unit 3,7357.0,2026-07-29 18:45:00,stopped out,-1.0,-1.0
2026-07-28_Trade_2,2026-07-28,Trade 2 - Pivot (buy limit daily S1),Trade 2,LONG,LIMIT,7387.0,7362.0,7411.0,7435.0,7512.0,25.0,band0845,baseline,FILLED,2026-07-29,WAITED for return to entry,,2026-07-29 17:00:00,7387.0,25.0,1.0,Unit 1,7362.0,2026-07-29 18:30:00,stopped out,-1.0,-1.0
2026-07-28_Trade_2,2026-07-28,Trade 2 - Pivot (buy limit daily S1),Trade 2,LONG,LIMIT,7387.0,7362.0,7411.0,7435.0,7512.0,25.0,band0845,baseline,FILLED,2026-07-29,WAITED for return to entry,,2026-07-29 17:00:00,7387.0,25.0,1.0,Unit 2,7362.0,2026-07-29 18:30:00,stopped out,-1.0,-1.0
2026-07-28_Trade_2,2026-07-28,Trade 2 - Pivot (buy limit daily S1),Trade 2,LONG,LIMIT,7387.0,7362.0,7411.0,7435.0,7512.0,25.0,band0845,baseline,FILLED,2026-07-29,WAITED for return to entry,,2026-07-29 17:00:00,7387.0,25.0,1.0,Unit 3,7362.0,2026-07-29 18:30:00,stopped out,-1.0,-1.0
2026-07-28_Trade_3,2026-07-28,Trade 3 - Mean-Reversion (buy stop on P reclaim),Trade 3,LONG,STOP,7420.0,7378.0,7435.0,7457.0,7538.0,42.0,band0845,baseline,FILLED,2026-07-29,WAITED for return to entry,,2026-07-29 09:00:00,7420.0,42.0,1.0,Unit 1,7435.0,2026-07-29 09:30:00,TP1 reached,0.357,0.357
2026-07-28_Trade_3,2026-07-28,Trade 3 - Mean-Reversion (buy stop on P reclaim),Trade 3,LONG,STOP,7420.0,7378.0,7435.0,7457.0,7538.0,42.0,band0845,baseline,FILLED,2026-07-29,WAITED for return to entry,,2026-07-29 09:00:00,7420.0,42.0,1.0,Unit 2,7457.0,2026-07-29 12:45:00,TP2 reached,0.881,0.881
2026-07-28_Trade_3,2026-07-28,Trade 3 - Mean-Reversion (buy stop on P reclaim),Trade 3,LONG,STOP,7420.0,7378.0,7435.0,7457.0,7538.0,42.0,band0845,baseline,FILLED,2026-07-29,WAITED for return to entry,,2026-07-29 09:00:00,7420.0,42.0,1.0,Unit 3,7420.0,2026-07-29 16:30:00,BE trail hit (BE_ON_TP1),0.0,0.0
2026-07-29_Trade_1,2026-07-29,Trade 1 - Daily Directional,Trade 1,n/a,MARKET,,,,,,,band0845,baseline,SUPPRESSED,,,,,,,,All,,,,0.0,0.0
2026-07-29_Trade_2,2026-07-29,Trade 2 - Pivot (TRANSITION breakout side),Trade 2,LONG,STOP,7438.79,7399.39,7478.18,7517.57,7560.0,39.4,band0845,baseline,FILLED,2026-07-30,RECOVERY to entry-0.5R (7419.09),,2026-07-30 20:00:00,7419.09,19.7,0.5,Unit 1,7478.18,2026-07-31 07:45:00,TP1 reached,2.999,1.0
2026-07-29_Trade_2,2026-07-29,Trade 2 - Pivot (TRANSITION breakout side),Trade 2,LONG,STOP,7438.79,7399.39,7478.18,7517.57,7560.0,39.4,band0845,baseline,FILLED,2026-07-30,RECOVERY to entry-0.5R (7419.09),,2026-07-30 20:00:00,7419.09,19.7,0.5,Unit 2,7419.09,2026-07-31 17:00:00,BE trail hit (BE_ON_TP1),0.0,-0.5
2026-07-29_Trade_2,2026-07-29,Trade 2 - Pivot (TRANSITION breakout side),Trade 2,LONG,STOP,7438.79,7399.39,7478.18,7517.57,7560.0,39.4,band0845,baseline,FILLED,2026-07-30,RECOVERY to entry-0.5R (7419.09),,2026-07-30 20:00:00,7419.09,19.7,0.5,Unit 3,7419.09,2026-07-31 17:00:00,BE trail hit (BE_ON_TP1),0.0,-0.5
2026-07-29_Trade_3C,2026-07-29,Trade 3C - Momentum-Breakout (conditional upside),Trade 3C,LONG,CONDITIONAL,7598.01,7409.11,7868.82,8012.48,,188.9,band0845,baseline,NO FILL,2026-08-04,,confirmed close 7603.2 on 2026-08-03; 08:45 7619.8 was -0.12R worse than entry; never returned to entry by cut-off,,,,,All,,,,0.0,0.0
2026-07-30_Trade_1,2026-07-30,Trade 1 - Daily Directional,Trade 1,SHORT,MARKET,7316.0,7401.0,7231.0,7146.0,7181.0,85.0,band0845,baseline,NO FILL,2026-07-31,,08:45 7476.1 was +1.88R beyond entry; no recovery to 7358.5 by cut-off,,,,,All,,,,0.0,0.0
2026-07-30_Trade_2,2026-07-30,Trade 2 - Pivot (regime-aware),Trade 2,n/a,MARKET,,,,,,,band0845,baseline,SUPPRESSED,,,,,,,,All,,,,0.0,0.0
2026-07-30_Trade_3C,2026-07-30,Trade 3C - Momentum-Breakout (conditional short),Trade 3C,SHORT,CONDITIONAL,7280.0,7408.0,7008.0,6865.0,,128.0,band0845,baseline,NO TRIGGER,,,confirming close beyond 7280.0 never printed,,,,,All,,,,0.0,0.0
2026-07-31_Trade_1,2026-07-31,Trade 1 - Daily Directional (breakout stop),Trade 1,LONG,STOP,7455.0,7366.0,7510.0,7582.0,7650.0,89.0,band0845,baseline,NO FILL,2026-08-03,,08:45 7534.7 was -0.90R worse than entry; never returned to entry by cut-off,,,,,All,,,,0.0,0.0
2026-07-31_Trade_2,2026-07-31,Trade 2 - Pivot (buy limit daily P),Trade 2,LONG,LIMIT,7405.0,7340.0,7476.0,7515.0,7560.0,65.0,band0845,baseline,NO FILL,2026-08-03,,08:45 7534.7 was -2.00R worse than entry; never returned to entry by cut-off,,,,,All,,,,0.0,0.0
2026-07-31_Trade_3A,2026-07-31,Trade 3A - Momentum-Pullback (38.2% fib),Trade 3A,LONG,LIMIT,7412.0,7360.0,7464.0,7516.0,7570.0,52.0,band0845,baseline,NO FILL,2026-08-03,,08:45 7534.7 was -2.36R worse than entry; never returned to entry by cut-off,,,,,All,,,,0.0,0.0
