card_id,report_date,strategy,family,direction,policy,fill_status,entry_rule,fill_ts,fill_px,R_points,risk_vs_card,units,blended_R,blended_R_card
2026-05-11_Trade_1,2026-05-11,Trade 1 - Daily Directional,Trade 1,LONG,usopen,FILLED,MARKET at 16:30 open,2026-05-12 16:30:00,7396.3,75.1,0.966,3,1.084,1.013
2026-05-11_Trade_2,2026-05-11,Trade 2 - Pivot pullback (buy daily-S1),Trade 2,LONG,usopen,FILLED,LIMIT touched,2026-05-12 18:15:00,7358.92,40.01,1.0,3,1.376,1.376
2026-05-11_Trade_3A,2026-05-11,Trade 3A - Momentum-Pullback (38.2% fib),Trade 3A,LONG,usopen,NO FILL,,,,,,1,0.0,0.0
2026-05-12_Trade_1,2026-05-12,Trade 1 - Daily Directional,Trade 1,LONG,usopen,FILLED,MARKET at 16:30 open,2026-05-13 16:30:00,7412.0,68.0,0.988,3,0.236,0.221
2026-05-12_Trade_2,2026-05-12,"Trade 2 - Pivot (TREND_UP pullback, buy daily P)",Trade 2,LONG,usopen,NO FILL,,,,,,1,0.0,0.0
2026-05-12_Trade_3A,2026-05-12,Trade 3A - Momentum-Pullback (38.2% fib),Trade 3A,LONG,usopen,NO FILL,,,,,,1,0.0,0.0
2026-05-13_Trade_1,2026-05-13,Trade 1 - Daily Directional,Trade 1,n/a,usopen,SUPPRESSED,,,,,,1,0.0,0.0
2026-05-13_Trade_2,2026-05-13,"Trade 2 - Pivot (TREND breakout, buy stop)",Trade 2,LONG,usopen,FILLED,STOP already marketable at 16:30 - filled at open,2026-05-14 16:30:00,7463.9,100.81,4.589,3,-0.295,2.237
2026-05-13_Trade_3C,2026-05-13,Trade 3C - Momentum-Breakout (buy stop),Trade 3C,LONG,usopen,FILLED,STOP already marketable at 16:30 - filled at open,2026-05-14 16:30:00,7463.9,128.9,1.329,3,-0.061,0.248
2026-05-14_Trade_1,2026-05-14,Trade 1 - Daily Directional,Trade 1,n/a,usopen,SUPPRESSED,,,,,,1,0.0,0.0
2026-05-14_Trade_2,2026-05-14,Trade 2 - Pivot (buy limit weekly P),Trade 2,LONG,usopen,FILLED,LIMIT touched,2026-05-15 23:00:00,7402.0,35.0,1.0,3,-0.678,-0.678
2026-05-14_Trade_3A,2026-05-14,Trade 3A - Momentum-Pullback (38.2% fib),Trade 3A,LONG,usopen,FILLED,LIMIT touched,2026-05-15 16:30:00,7422.0,44.0,1.0,3,-0.462,-0.462
2026-05-15_Trade_1,2026-05-15,Trade 1 - Daily Directional,Trade 1,LONG,usopen,SKIPPED_MALFORMED,MARKET at 16:30 open,2026-05-18 16:30:00,7423.0,30.59,0.637,1,0.0,0.0
2026-05-15_Trade_2,2026-05-15,"Trade 2 - Pivot (TREND breakout, buy stop)",Trade 2,LONG,usopen,NO FILL,,,,,,1,0.0,0.0
2026-05-15_Trade_3C,2026-05-15,Trade 3C - Momentum-Breakout (buy stop),Trade 3C,LONG,usopen,NO FILL,,,,,,1,0.0,0.0
2026-05-18_Trade_1,2026-05-18,Trade 1 - Daily Directional,Trade 1,SHORT,usopen,FILLED,MARKET at 16:30 open,2026-05-19 16:30:00,7371.0,95.1,10.819,3,-0.446,4.994
2026-05-18_Trade_2,2026-05-18,Trade 2 - Pivot fade (sell limit daily R1),Trade 2,SHORT,usopen,NO FILL,,,,,,1,0.0,0.0
2026-05-18_Trade_3C,2026-05-18,"Trade 3C - Transition Breakout (sell stop, conditional)",Trade 3C,SHORT,usopen,FILLED,STOP already marketable at 16:30 - filled at open,2026-05-19 16:30:00,7371.0,88.35,1.209,3,-1.0,-1.0
2026-05-19_Trade_1,2026-05-19,Trade 1 - Daily Directional (mean-reversion),Trade 1,LONG,usopen,FILLED,MARKET at 16:30 open,2026-05-20 16:30:00,7379.9,44.9,0.66,3,2.653,1.41
2026-05-19_Trade_2,2026-05-19,Trade 2 - Pivot (buy limit daily S1),Trade 2,LONG,usopen,FILLED,LIMIT touched,2026-05-20 16:30:00,7371.85,23.85,1.0,3,2.955,2.955
2026-05-19_Trade_3A,2026-05-19,Trade 3A - Momentum-Pullback (layered fib limits),Trade 3A,LONG,usopen,FILLED,LIMIT already marketable at 16:30 - filled at open,2026-05-20 16:30:00,7379.9,19.9,0.264,3,7.375,1.207
2026-05-20_Trade_1,2026-05-20,Trade 1 - Daily Directional,Trade 1,n/a,usopen,SUPPRESSED,,,,,,1,0.0,0.0
2026-05-20_Trade_2,2026-05-20,Trade 2 - Pivot (weekly TREND breakout),Trade 2,LONG,usopen,FILLED,STOP touched,2026-05-21 20:15:00,7442.17,69.25,1.0,3,0.689,0.689
2026-05-20_Trade_3A,2026-05-20,Trade 3A - Momentum-Pullback (demand-zone retest),Trade 3A,LONG,usopen,NO FILL,,,,,,1,0.0,0.0
2026-05-21_Trade_1,2026-05-21,Trade 1 - Daily Directional,Trade 1,LONG,usopen,FILLED,MARKET at 16:30 open,2026-05-22 16:30:00,7482.5,156.26,1.464,3,-0.236,0.118
2026-05-21_Trade_2,2026-05-21,Trade 2 - Pivot (TRANSITION breakout side),Trade 2,LONG,usopen,FILLED,STOP already marketable at 16:30 - filled at open,2026-05-22 16:30:00,7482.5,107.49,1.595,3,0.213,0.935
2026-05-21_Trade_3C,2026-05-21,Trade 3C - Range Breakout (conditional),Trade 3C,LONG,usopen,FILLED,MARKET at 16:30 open,2026-05-26 16:30:00,7522.8,297.69,1.024,3,0.734,0.775
2026-05-22_Trade_1,2026-05-22,Trade 1 - Daily Directional,Trade 1,n/a,usopen,SUPPRESSED,,,,,,1,0.0,0.0
2026-05-22_Trade_2,2026-05-22,Trade 2 - Pivot (TRANSITION breakout side),Trade 2,LONG,usopen,FILLED,STOP already marketable at 16:30 - filled at open,2026-05-25 16:30:00,7546.7,191.7,3.195,3,-0.395,0.933
2026-05-22_Trade_3C,2026-05-22,Trade 3C - Momentum-Breakout (conditional),Trade 3C,LONG,usopen,FILLED,MARKET at 16:30 open,2026-05-26 16:30:00,7522.8,329.8,0.953,3,0.662,0.584
2026-05-25_Trade_1,2026-05-25,Trade 1 - Daily Directional,Trade 1,LONG,usopen,FILLED,MARKET at 16:30 open,2026-05-26 16:30:00,7522.8,119.5,1.703,3,0.308,1.228
2026-05-25_Trade_2,2026-05-25,"Trade 2 - Pivot (TREND breakout, buy stop)",Trade 2,LONG,usopen,FILLED,STOP already marketable at 16:30 - filled at open,2026-05-26 16:30:00,7522.8,96.37,4.567,3,-0.438,1.568
2026-05-25_Trade_3A,2026-05-25,Trade 3A - Momentum-Pullback (57.5% fib),Trade 3A,LONG,usopen,NO FILL,,,,,,1,0.0,0.0
2026-05-26_Trade_1,2026-05-26,Trade 1 - Daily Directional,Trade 1,LONG,usopen,FILLED,MARKET at 16:30 open,2026-05-27 16:30:00,7531.0,133.04,1.762,3,0.309,1.307
2026-05-26_Trade_2,2026-05-26,"Trade 2 - Pivot (TRANSITION breakout, buy stop)",Trade 2,LONG,usopen,FILLED,STOP already marketable at 16:30 - filled at open,2026-05-27 16:30:00,7531.0,104.67,4.764,3,-0.465,1.55
2026-05-26_Trade_3C,2026-05-26,Trade 3C - Range Breakout (conditional),Trade 3C,LONG,usopen,FILLED,MARKET at 16:30 open,2026-05-29 16:30:00,7581.1,420.81,1.016,3,0.38,0.402
2026-05-27_Trade_1,2026-05-27,Trade 1 - Daily Directional,Trade 1,LONG,usopen,FILLED,MARKET at 16:30 open,2026-05-28 16:30:00,7525.0,194.65,1.031,3,-0.576,-0.562
2026-05-27_Trade_2,2026-05-27,Trade 2 - Pivot (TREND_UP),Trade 2,LONG,usopen,NO FILL,,,,,,1,0.0,0.0
2026-05-27_Trade_3A,2026-05-27,Trade 3A - Momentum-Pullback (57.5% fib),Trade 3A,LONG,usopen,NO FILL,,,,,,1,0.0,0.0
2026-05-28_Trade_1,2026-05-28,Trade 1 - Daily Directional,Trade 1,LONG,usopen,FILLED,MARKET at 16:30 open,2026-05-29 16:30:00,7581.1,109.9,2.299,3,-0.115,1.034
2026-05-28_Trade_2,2026-05-28,Trade 2 - Pivot (daily P / weekly R1 retest),Trade 2,LONG,usopen,NO FILL,,,,,,1,0.0,0.0
2026-05-28_Trade_3A,2026-05-28,Trade 3A - Momentum-Pullback,Trade 3A,LONG,usopen,NO FILL,,,,,,1,0.0,0.0
2026-05-29_Trade_1,2026-05-29,Trade 1 - Daily Directional,Trade 1,LONG,usopen,NO FILL,,,,,,1,0.0,0.0
2026-05-29_Trade_2,2026-05-29,Trade 2 - Pivot (buy limit daily P),Trade 2,LONG,usopen,NO FILL,,,,,,1,0.0,0.0
2026-05-29_Trade_3A,2026-05-29,Trade 3A - Momentum-Pullback (breakout stop),Trade 3A,LONG,usopen,FILLED,STOP already marketable at 16:30 - filled at open,2026-06-01 16:30:00,7575.2,47.2,1.073,3,-0.379,-0.333
2026-06-01_Trade_1,2026-06-01,Trade 1 - Daily Directional (breakout stop),Trade 1,LONG,usopen,FILLED,STOP touched,2026-06-02 17:00:00,7599.5,36.9,1.0,3,-0.47,-0.47
2026-06-01_Trade_2,2026-06-01,Trade 2 - Pivot (buy limit daily P),Trade 2,LONG,usopen,NO FILL,,,,,,1,0.0,0.0
2026-06-01_Trade_3A,2026-06-01,Trade 3A - Momentum-Pullback (38.2% fib),Trade 3A,LONG,usopen,NO FILL,,,,,,1,0.0,0.0
2026-06-02_Trade_1,2026-06-02,Trade 1 - Daily Directional,Trade 1,LONG,usopen,FILLED,MARKET at 16:30 open,2026-06-03 16:30:00,7602.0,50.49,1.042,3,-1.0,-1.0
2026-06-02_Trade_2,2026-06-02,Trade 2 - Pivot (buy limit daily P),Trade 2,LONG,usopen,FILLED,LIMIT touched,2026-06-03 16:45:00,7580.81,30.05,1.0,3,-1.0,-1.0
2026-06-02_Trade_3A,2026-06-02,Trade 3A - Momentum-Pullback (38.2% fib),Trade 3A,LONG,usopen,NO FILL,,,,,,1,0.0,0.0
2026-06-03_Trade_1,2026-06-03,Trade 1 - Daily Directional,Trade 1,LONG,usopen,FILLED,MARKET at 16:30 open,2026-06-04 16:30:00,7541.3,42.16,0.488,3,-0.344,-0.68
2026-06-03_Trade_2,2026-06-03,Trade 2 - Pivot (buy limit daily P),Trade 2,LONG,usopen,SKIPPED_MALFORMED,LIMIT already marketable at 16:30 - filled at open,2026-06-04 16:30:00,7541.3,16.51,0.38,1,0.0,0.0
2026-06-03_Trade_3A,2026-06-03,Trade 3A - Momentum-Pullback (38.2% fib),Trade 3A,LONG,usopen,FILLED,LIMIT already marketable at 16:30 - filled at open,2026-06-04 16:30:00,7541.3,57.3,0.639,3,-1.0,-1.0
2026-06-04_Trade_1,2026-06-04,Trade 1 - Daily Directional,Trade 1,LONG,usopen,SKIPPED_MALFORMED,MARKET at 16:30 open,2026-06-05 16:30:00,7540.5,33.21,0.921,1,0.0,0.0
2026-06-04_Trade_2,2026-06-04,Trade 2 - Pivot (TREND_UP breakout),Trade 2,LONG,usopen,NO FILL,,,,,,1,0.0,0.0
2026-06-04_Trade_3A,2026-06-04,Trade 3A - Momentum-Pullback (57.5% fib),Trade 3A,LONG,usopen,FILLED,LIMIT already marketable at 16:30 - filled at open,2026-06-05 16:30:00,7540.5,50.0,0.784,3,-1.0,-1.0
2026-06-05_Trade_1,2026-06-05,Trade 1 - Daily Directional,Trade 1,n/a,usopen,SUPPRESSED,,,,,,1,0.0,0.0
2026-06-05_Trade_2,2026-06-05,Trade 2 - Pivot (buy limit daily P),Trade 2,LONG,usopen,SKIPPED_MALFORMED,LIMIT already marketable at 16:30 - filled at open,2026-06-08 16:30:00,7451.8,60.2,1.038,1,0.0,0.0
2026-06-05_Trade_3A,2026-06-05,Trade 3A - Momentum-Pullback (breakout stop),Trade 3A,LONG,usopen,NO FILL,,,,,,1,0.0,0.0
2026-06-08_Trade_1,2026-06-08,Trade 1 - Daily Directional,Trade 1,SHORT,usopen,SKIPPED_MICRO_R,MARKET at 16:30 open,2026-06-09 16:30:00,7454.4,20.6,0.226,1,0.0,0.0
2026-06-08_Trade_3A,2026-06-08,Trade 3A - Momentum-Pullback (sell limit weekly S2),Trade 3A,SHORT,usopen,FILLED,LIMIT touched,2026-06-09 16:30:00,7460.0,105.0,1.0,3,0.679,0.679
2026-06-09_Trade_1,2026-06-09,Trade 1 - Daily Directional,Trade 1,SHORT,usopen,FILLED,MARKET at 16:30 open,2026-06-10 16:30:00,7351.1,132.9,1.329,3,0.06,0.408
2026-06-09_Trade_3A,2026-06-09,Trade 3A - Momentum-Pullback (sell limit daily P),Trade 3A,SHORT,usopen,NO FILL,,,,,,1,0.0,0.0
2026-06-10_Trade_1,2026-06-10,Trade 1 - Daily Directional (sell stop),Trade 1,SHORT,usopen,FILLED,STOP already marketable at 16:30 - filled at open,2026-06-11 16:30:00,7305.0,171.0,1.171,3,-0.841,-0.814
2026-06-10_Trade_2,2026-06-10,Trade 2 - Pivot (sell limit weekly P),Trade 2,SHORT,usopen,NO FILL,,,,,,1,0.0,0.0
2026-06-10_Trade_3C,2026-06-10,Trade 3C - Momentum-Breakout (sell stop),Trade 3C,SHORT,usopen,FILLED,STOP already marketable at 16:30 - filled at open,2026-06-11 16:30:00,7305.0,91.0,1.23,3,-1.0,-1.0
2026-06-11_Trade_1,2026-06-11,Trade 1 - Daily Directional,Trade 1,SHORT,usopen,FILLED,MARKET at 16:30 open,2026-06-12 16:30:00,7420.9,131.55,0.462,3,-0.7,-0.861
2026-06-11_Trade_3A,2026-06-11,Trade 3A - Momentum-Pullback (57.5% rally-sell),Trade 3A,SHORT,usopen,NO FILL,,,,,,1,0.0,0.0
2026-06-15_Trade_1,2026-06-15,Trade 1 - Daily Directional,Trade 1,LONG,usopen,FILLED,MARKET at 16:30 open,2026-06-16 16:30:00,7562.9,223.99,2.419,3,-0.459,0.309
2026-06-15_Trade_2,2026-06-15,Trade 2 - Pivot (buy stop daily R1),Trade 2,LONG,usopen,FILLED,STOP already marketable at 16:30 - filled at open,2026-06-16 16:30:00,7562.9,146.04,2.702,3,-0.753,-0.334
2026-06-15_Trade_3C,2026-06-15,Trade 3C - Breakout (buy stop 5-day swing high),Trade 3C,LONG,usopen,FILLED,STOP already marketable at 16:30 - filled at open,2026-06-16 16:30:00,7562.9,145.94,2.205,3,-0.698,-0.334
2026-06-16_Trade_1,2026-06-16,Trade 1 - Daily Directional,Trade 1,LONG,usopen,FILLED,MARKET at 16:30 open,2026-06-17 16:30:00,7531.7,142.46,3.392,3,-0.106,2.032
2026-06-16_Trade_2,2026-06-16,Trade 2 - Pivot (buy limit daily S1),Trade 2,LONG,usopen,NO FILL,,,,,,1,0.0,0.0
2026-06-16_Trade_3A,2026-06-16,Trade 3A - Momentum-Pullback (pivot confluence),Trade 3A,LONG,usopen,NO FILL,,,,,,1,0.0,0.0
2026-06-17_Trade_1,2026-06-17,Trade 1 - Daily Directional,Trade 1,LONG,usopen,FILLED,LIMIT already marketable at 16:30 - filled at open,2026-06-18 16:30:00,7514.1,39.1,0.471,3,-1.0,-1.0
2026-06-17_Trade_2,2026-06-17,Trade 2 - Pivot (buy limit daily S1),Trade 2,LONG,usopen,FILLED,LIMIT already marketable at 16:30 - filled at open,2026-06-18 16:30:00,7514.1,44.1,0.774,3,-1.0,-1.0
2026-06-17_Trade_3A,2026-06-17,Trade 3A - Momentum-Pullback (breakout stop),Trade 3A,LONG,usopen,NO FILL,,,,,,1,0.0,0.0
2026-06-18_Trade_1,2026-06-18,Trade 1 - Daily Directional,Trade 1,SHORT,usopen,SKIPPED_MICRO_R,MARKET at 16:30 open,2026-06-19 16:30:00,7496.5,4.5,0.056,1,0.0,0.0
2026-06-18_Trade_2,2026-06-18,Trade 2 - Pivot (sell limit monthly S1 / daily P),Trade 2,SHORT,usopen,SKIPPED_MICRO_R,LIMIT already marketable at 16:30 - filled at open,2026-06-19 16:30:00,7496.5,9.5,0.17,1,0.0,0.0
2026-06-18_Trade_3C,2026-06-18,Trade 3C - Momentum-Breakout (sell stop),Trade 3C,SHORT,usopen,NO FILL,,,,,,1,0.0,0.0
2026-06-19_Trade_1,2026-06-19,Trade 1 - Daily Directional,Trade 1,LONG,usopen,FILLED,MARKET at 16:30 open,2026-06-22 16:30:00,7513.1,48.1,1.352,3,-0.392,-0.177
2026-06-19_Trade_2,2026-06-19,Trade 2 - Pivot (buy limit daily S1),Trade 2,LONG,usopen,FILLED,LIMIT touched,2026-06-22 17:45:00,7475.58,25.01,1.0,3,-1.0,-1.0
2026-06-19_Trade_3A,2026-06-19,Trade 3A - Momentum-Pullback (breakout stop),Trade 3A,LONG,usopen,FILLED,STOP already marketable at 16:30 - filled at open,2026-06-22 16:30:00,7513.1,35.1,1.032,3,-1.0,-1.0
2026-06-24_Trade_1,2026-06-24,Trade 1 - Daily Directional,Trade 1,SHORT,usopen,FILLED,MARKET at 16:30 open,2026-06-25 16:30:00,7427.9,42.27,0.403,3,-0.267,-0.705
2026-06-24_Trade_2,2026-06-24,Trade 2 - Pivot (sell limit daily P shelf),Trade 2,SHORT,usopen,FILLED,LIMIT already marketable at 16:30 - filled at open,2026-06-25 16:30:00,7427.9,61.1,0.719,3,-0.078,-0.337
2026-06-24_Trade_3A,2026-06-24,Trade 3A - Momentum-Pullback (38.2% rally-sell),Trade 3A,SHORT,usopen,NO FILL,,,,,,1,0.0,0.0
2026-06-25_Trade_1,2026-06-25,Trade 1 - Daily Directional,Trade 1,n/a,usopen,SUPPRESSED,,,,,,1,0.0,0.0
2026-06-25_Trade_2,2026-06-25,"Trade 2 - Pivot (range fade, sell limit daily R1)",Trade 2,SHORT,usopen,NO FILL,,,,,,1,0.0,0.0
2026-06-25_Trade_3A,2026-06-25,"Trade 3A - Momentum-Pullback (sell stop, break of 23 Jun low)",Trade 3A,SHORT,usopen,FILLED,STOP already marketable at 16:30 - filled at open,2026-06-26 16:30:00,7323.8,61.2,1.569,3,-0.226,0.214
2026-06-26_Trade_1,2026-06-26,Trade 1 - Daily Directional (sell stop),Trade 1,SHORT,usopen,NO FILL,,,,,,1,0.0,0.0
2026-06-26_Trade_2,2026-06-26,Trade 2 - Pivot (sell limit daily P),Trade 2,SHORT,usopen,FILLED,LIMIT already marketable at 16:30 - filled at open,2026-06-29 16:30:00,7403.0,62.61,0.686,3,-1.0,-1.0
2026-06-26_Trade_3A,2026-06-26,Trade 3A - Momentum-Pullback (sell limit daily R1 / 38.2%),Trade 3A,SHORT,usopen,FILLED,LIMIT touched,2026-06-29 16:30:00,7411.91,53.7,1.0,3,-0.326,-0.326
2026-06-29_Trade_1,2026-06-29,Trade 1 - Daily Directional,Trade 1,SHORT,usopen,FILLED,MARKET at 16:30 open,2026-06-30 16:30:00,7446.2,111.8,0.548,3,-0.789,-0.884
2026-06-29_Trade_2,2026-06-29,Trade 2 - Pivot (sell stop below daily S1),Trade 2,SHORT,usopen,NO FILL,,,,,,1,0.0,0.0
2026-06-29_Trade_3C,2026-06-29,"Trade 3C - Momentum-Breakout (sell stop, conditional)",Trade 3C,SHORT,usopen,NO FILL,,,,,,1,0.0,0.0
2026-06-30_Trade_1,2026-06-30,Trade 1 - Daily Directional,Trade 1,SHORT,usopen,SKIPPED_MICRO_R,MARKET at 16:30 open,2026-07-01 16:30:00,7478.6,21.4,0.147,1,0.0,0.0
2026-06-30_Trade_2,2026-06-30,Trade 2 - Pivot (sell stop below P),Trade 2,SHORT,usopen,NO FILL,,,,,,1,0.0,0.0
2026-06-30_Trade_3A,2026-06-30,Trade 3A - Momentum-Pullback (57.5% rally-sell),Trade 3A,SHORT,usopen,FILLED,LIMIT already marketable at 16:30 - filled at open,2026-07-01 16:30:00,7478.6,21.4,0.267,3,-1.0,-1.0
2026-07-01_Trade_1,2026-07-01,Trade 1 - Daily Directional (buy limit daily P),Trade 1,LONG,usopen,NO FILL,,,,,,1,0.0,0.0
2026-07-01_Trade_2,2026-07-01,Trade 2 - Pivot (buy limit daily P),Trade 2,LONG,usopen,NO FILL,,,,,,1,0.0,0.0
2026-07-01_Trade_3A,2026-07-01,Trade 3A - Momentum-Pullback (breakout stop),Trade 3A,LONG,usopen,FILLED,STOP already marketable at 16:30 - filled at open,2026-07-02 16:30:00,7502.2,101.2,2.249,3,0.051,1.363
2026-07-02_Trade_1,2026-07-02,Trade 1 - Daily Directional,Trade 1,LONG,usopen,FILLED,MARKET at 16:30 open,2026-07-03 16:30:00,7502.6,90.04,1.037,3,-0.017,0.02
2026-07-02_Trade_2,2026-07-02,Trade 2 - Pivot (regime-aware),Trade 2,n/a,usopen,SUPPRESSED,,,,,,1,0.0,0.0
2026-07-02_Trade_3A,2026-07-02,Trade 3A - Momentum-Pullback (57.5% fib),Trade 3A,LONG,usopen,NO FILL,,,,,,1,0.0,0.0
2026-07-03_Trade_1,2026-07-03,Trade 1 - Daily Directional,Trade 1,LONG,usopen,FILLED,MARKET at 16:30 open,2026-07-06 16:30:00,7513.9,85.9,1.576,3,-0.118,0.39
2026-07-03_Trade_2,2026-07-03,Trade 2 - Pivot (TRANSITION breakout side),Trade 2,n/a,usopen,SUPPRESSED,,,,,,1,0.0,0.0
2026-07-03_Trade_3C,2026-07-03,Trade 3C - Momentum-Breakout (conditional),Trade 3C,LONG,usopen,FILLED,MARKET at 16:30 open,2026-08-05 16:30:00,7782.9,391.9,1.705,3,-0.106,0.523
2026-07-09_Trade_1,2026-07-09,Trade 1 - Daily Directional,Trade 1,n/a,usopen,SUPPRESSED,,,,,,1,0.0,0.0
2026-07-09_Trade_2,2026-07-09,Trade 2 - Pivot (sell limit daily P),Trade 2,SHORT,usopen,SKIPPED_MICRO_R,LIMIT already marketable at 16:30 - filled at open,2026-07-10 16:30:00,7544.7,0.3,0.008,1,0.0,0.0
2026-07-09_Trade_3A,2026-07-09,Trade 3A - Momentum-Pullback (sell stop),Trade 3A,SHORT,usopen,NO FILL,,,,,,1,0.0,0.0
2026-07-10_Trade_1,2026-07-10,Trade 1 - Daily Directional,Trade 1,LONG,usopen,FILLED,MARKET at 16:30 open,2026-07-13 16:30:00,7550.8,78.06,1.101,3,-0.84,-0.824
2026-07-10_Trade_2,2026-07-10,Trade 2 - Pivot (regime-aware),Trade 2,n/a,usopen,SUPPRESSED,,,,,,1,0.0,0.0
2026-07-10_Trade_3C,2026-07-10,Trade 3C - Momentum-Breakout,Trade 3C,n/a,usopen,SUPPRESSED,,,,,,1,0.0,0.0
2026-07-13_Trade_1,2026-07-13,Trade 1 - Daily Directional,Trade 1,LONG,usopen,FILLED,MARKET at 16:30 open,2026-07-14 16:30:00,7535.7,55.45,0.583,3,-0.595,-0.764
2026-07-13_Trade_2,2026-07-13,Trade 2 - Pivot (TRANSITION breakout side),Trade 2,LONG,usopen,NO FILL,,,,,,1,0.0,0.0
2026-07-13_Trade_3C,2026-07-13,Trade 3C - Momentum-Breakout,Trade 3C,n/a,usopen,SUPPRESSED,,,,,,1,0.0,0.0
2026-07-14_Trade_1,2026-07-14,Trade 1 - Daily Directional,Trade 1,LONG,usopen,FILLED,MARKET at 16:30 open,2026-07-15 16:30:00,7569.1,40.04,0.864,3,-1.0,-1.0
2026-07-14_Trade_2,2026-07-14,Trade 2 - Pivot (buy limit daily P),Trade 2,LONG,usopen,FILLED,LIMIT touched,2026-07-15 17:45:00,7554.49,71.77,1.0,3,-1.0,-1.0
2026-07-14_Trade_3A,2026-07-14,Trade 3A - Momentum-Pullback (breakout stop),Trade 3A,LONG,usopen,FILLED,STOP touched,2026-07-15 16:30:00,7581.0,72.84,1.0,3,-1.0,-1.0
2026-07-15_Trade_1,2026-07-15,Trade 1 - Daily Directional,Trade 1,LONG,usopen,FILLED,MARKET at 16:30 open,2026-07-16 16:30:00,7554.0,70.6,1.173,3,-0.798,-0.763
2026-07-15_Trade_2,2026-07-15,Trade 2 - Pivot (TRANSITION breakout side),Trade 2,LONG,usopen,FILLED,STOP already marketable at 16:30 - filled at open,2026-07-16 16:30:00,7554.0,56.2,1.713,3,0.17,1.004
2026-07-15_Trade_3C,2026-07-15,Trade 3C - Momentum-Breakout,Trade 3C,n/a,usopen,SUPPRESSED,,,,,,1,0.0,0.0
2026-07-16_Trade_1,2026-07-16,Trade 1 - Daily Directional,Trade 1,LONG,usopen,FILLED,MARKET at 16:30 open,2026-07-17 16:30:00,7443.7,41.44,0.293,3,-0.573,-0.875
2026-07-16_Trade_2,2026-07-16,Trade 2 - Pivot (buy limit daily P),Trade 2,LONG,usopen,SKIPPED_MALFORMED,LIMIT already marketable at 16:30 - filled at open,2026-07-17 16:30:00,7443.7,75.03,3.876,1,0.0,0.0
2026-07-16_Trade_3C,2026-07-16,Trade 3C - Transition Breakout,Trade 3C,n/a,usopen,SUPPRESSED,,,,,,1,0.0,0.0
2026-07-17_Trade_1,2026-07-17,Trade 1 - Daily Directional,Trade 1,SHORT,usopen,FILLED,MARKET at 16:30 open,2026-07-20 16:30:00,7495.3,90.97,2.091,3,0.197,1.503
2026-07-17_Trade_2,2026-07-17,Trade 2 - Pivot (buy limit daily S1),Trade 2,LONG,usopen,FILLED,LIMIT already marketable at 16:30 - filled at open,2026-07-20 16:30:00,7495.3,41.73,0.869,3,-1.0,-1.0
2026-07-17_Trade_3,2026-07-17,Trade 3 - Pivot fade (sell limit daily R1),Trade 3,SHORT,usopen,NO FILL,,,,,,1,0.0,0.0
2026-07-20_Trade_1,2026-07-20,Trade 1 - Daily Directional,Trade 1,SHORT,usopen,FILLED,MARKET at 16:30 open,2026-07-21 16:30:00,7487.7,28.82,0.49,3,-0.852,-0.927
2026-07-20_Trade_2,2026-07-20,Trade 2 - Pivot (TRANSITION down-break side),Trade 2,SHORT,usopen,NO FILL,,,,,,1,0.0,0.0
2026-07-20_Trade_3C,2026-07-20,Trade 3C - Momentum-Breakout (conditional),Trade 3C,SHORT,usopen,NO TRIGGER,,,,,,1,0.0,0.0
2026-07-21_Trade_1,2026-07-21,Trade 1 - Daily Directional,Trade 1,SHORT,usopen,SKIPPED_MICRO_R,MARKET at 16:30 open,2026-07-22 16:30:00,7490.3,11.7,0.198,1,0.0,0.0
2026-07-21_Trade_2,2026-07-21,Trade 2 - Pivot (regime-aware),Trade 2,n/a,usopen,SUPPRESSED,,,,,,1,0.0,0.0
2026-07-21_Trade_3C,2026-07-21,Trade 3C - Momentum-Breakout (conditional short),Trade 3C,SHORT,usopen,FILLED,MARKET at 16:30 open,2026-07-24 16:30:00,7407.6,122.4,1.407,3,-1.0,-1.0
2026-07-22_Trade_1,2026-07-22,Trade 1 - Daily Directional,Trade 1,n/a,usopen,SUPPRESSED,,,,,,1,0.0,0.0
2026-07-22_Trade_2,2026-07-22,Trade 2 - Pivot (regime-aware),Trade 2,n/a,usopen,SUPPRESSED,,,,,,1,0.0,0.0
2026-07-22_Trade_3B,2026-07-22,"Trade 3B - Mean-Reversion (range fade, short leg)",Trade 3B,SHORT,usopen,NO FILL,,,,,,1,0.0,0.0
2026-07-23_Trade_1,2026-07-23,Trade 1 - Daily Directional,Trade 1,SHORT,usopen,FILLED,MARKET at 16:30 open,2026-07-24 16:30:00,7407.6,113.54,5.119,3,-0.274,2.714
2026-07-23_Trade_2,2026-07-23,Trade 2 - Pivot (buy limit daily S1),Trade 2,LONG,usopen,SKIPPED_MALFORMED,LIMIT already marketable at 16:30 - filled at open,2026-07-24 16:30:00,7407.6,7.04,0.103,1,0.0,0.0
2026-07-23_Trade_3,2026-07-23,Trade 3 - Pivot fade (sell limit daily R2),Trade 3,SHORT,usopen,NO FILL,,,,,,1,0.0,0.0
2026-07-24_Trade_1,2026-07-24,Trade 1 - Daily Directional,Trade 1,SHORT,usopen,SKIPPED_MALFORMED,MARKET at 16:30 open,2026-07-27 16:30:00,7473.8,27.28,0.714,1,0.0,0.0
2026-07-24_Trade_2,2026-07-24,Trade 2 - Pivot (sell limit daily P),Trade 2,SHORT,usopen,SKIPPED_MICRO_R,LIMIT already marketable at 16:30 - filled at open,2026-07-27 16:30:00,7473.8,5.48,0.108,1,0.0,0.0
2026-07-24_Trade_3A,2026-07-24,Trade 3A - Momentum-Pullback (38.2% rally-sell),Trade 3A,SHORT,usopen,NO FILL,,,,,,1,0.0,0.0
2026-07-27_Trade_1,2026-07-27,Trade 1 - Daily Directional,Trade 1,n/a,usopen,SUPPRESSED,,,,,,1,0.0,0.0
2026-07-27_Trade_2,2026-07-27,Trade 2 - Pivot (TRANSITION breakout side),Trade 2,LONG,usopen,FILLED,STOP touched,2026-07-28 18:15:00,7425.82,32.91,1.0,3,-0.424,-0.424
2026-07-27_Trade_3C,2026-07-27,Trade 3C - Momentum-Breakout (conditional upside),Trade 3C,LONG,usopen,FILLED,MARKET at 16:30 open,2026-08-04 16:30:00,7630.3,221.19,1.171,3,0.501,0.758
2026-07-28_Trade_1,2026-07-28,Trade 1 - Daily Directional,Trade 1,LONG,usopen,FILLED,LIMIT touched,2026-07-29 16:45:00,7392.0,35.0,1.0,3,-1.0,-1.0
2026-07-28_Trade_2,2026-07-28,Trade 2 - Pivot (buy limit daily S1),Trade 2,LONG,usopen,FILLED,LIMIT touched,2026-07-29 17:00:00,7387.0,25.0,1.0,3,-1.0,-1.0
2026-07-28_Trade_3,2026-07-28,Trade 3 - Mean-Reversion (buy stop on P reclaim),Trade 3,LONG,usopen,FILLED,STOP already marketable at 16:30 - filled at open,2026-07-29 16:30:00,7424.5,46.5,1.107,3,-1.0,-1.0
2026-07-29_Trade_1,2026-07-29,Trade 1 - Daily Directional,Trade 1,n/a,usopen,SUPPRESSED,,,,,,1,0.0,0.0
2026-07-29_Trade_2,2026-07-29,Trade 2 - Pivot (TRANSITION breakout side),Trade 2,LONG,usopen,FILLED,STOP touched,2026-07-30 22:00:00,7438.79,39.4,1.0,3,-0.333,-0.333
2026-07-29_Trade_3C,2026-07-29,Trade 3C - Momentum-Breakout (conditional upside),Trade 3C,LONG,usopen,FILLED,MARKET at 16:30 open,2026-08-04 16:30:00,7630.3,221.19,1.171,3,0.501,0.758
2026-07-30_Trade_1,2026-07-30,Trade 1 - Daily Directional,Trade 1,SHORT,usopen,SKIPPED_MALFORMED,MARKET at 16:30 open,2026-07-31 16:30:00,7468.1,67.1,0.789,1,0.0,0.0
2026-07-30_Trade_2,2026-07-30,Trade 2 - Pivot (regime-aware),Trade 2,n/a,usopen,SUPPRESSED,,,,,,1,0.0,0.0
2026-07-30_Trade_3C,2026-07-30,Trade 3C - Momentum-Breakout (conditional short),Trade 3C,SHORT,usopen,NO TRIGGER,,,,,,1,0.0,0.0
2026-07-31_Trade_1,2026-07-31,Trade 1 - Daily Directional (breakout stop),Trade 1,LONG,usopen,FILLED,STOP already marketable at 16:30 - filled at open,2026-08-03 16:30:00,7517.7,151.7,1.704,3,0.312,1.237
2026-07-31_Trade_2,2026-07-31,Trade 2 - Pivot (buy limit daily P),Trade 2,LONG,usopen,NO FILL,,,,,,1,0.0,0.0
2026-07-31_Trade_3A,2026-07-31,Trade 3A - Momentum-Pullback (38.2% fib),Trade 3A,LONG,usopen,NO FILL,,,,,,1,0.0,0.0
