card_id,report_date,report_file,strategy,family,direction,entry_mode,entry_mode_text,anchor_broker,entry,stop,tp1,tp2,tp3,card_R_points,be_rule,runner_rule,management_text,suppressed,source,slice_file,last_bar_broker
2026-05-11_Trade_1,2026-05-11,Gold_Report_11_May_2026.docx,Trade 1 — Daily Directional (direction-of-the-day expression),Trade 1,LONG,MARKET,market or just-fillable order at the 00:00 UK daily reset (Sunday-evening Asia open),02:00,4715.0,4625.0,4805.0,4895.0,,90.0,BE_0.2R_ON_TP2,SESSION_CLOSE_TIMESTOP,"3 equal units. Unit 1 exits at TP1. Unit 2 exits at TP2. On Unit 2 fill, Unit 3 stop moves to entry + 0.2R = USD 4,733/oz (1,800 ticks above entry).",False,baseline,,
2026-05-11_Trade_2,2026-05-11,Gold_Report_11_May_2026.docx,"Trade 2 — Pivot (TREND_UP breakout, daily timeframe)",Trade 2,LONG,LIMIT,"buy limit on pullback to daily P + 10% of (daily R1 − daily P), i.e. 4,679 + 0.10 × (4,728 − 4,679) = 4,684. Order rests as a limit; valid through Tuesday 12 May 00:00 UK.",02:00,4684.0,4646.0,4728.0,4749.0,4769.0,38.0,BE_0.2R_ON_TP2,TRACE,"3 equal units. Unit 1 → R1. Unit 2 → R1.5. Unit 3 runner → R2. On Unit 2 fill, Unit 3 SL moves to entry + 0.2R = USD 4,691.6 (∼760 ticks above entry).",False,baseline,,
2026-05-11_Trade_3A,2026-05-11,Gold_Report_11_May_2026.docx,Trade 3A — Momentum-Pullback,Trade 3A,LONG,LIMIT,buy limit at 38.2% retracement. Order valid through Tuesday 12 May 00:00 UK.,02:00,4651.0,4569.0,4751.0,4822.0,4912.0,82.0,NONE,TRACE,3 equal units. Unit 1 exits at TP1. Unit 2 exits at TP2. Unit 3 runner exits at TP3 with structural override on 100%-extension break.,False,baseline,,
2026-05-12_Trade_1,2026-05-12,Gold_Report_Daily_12May2026.docx,"Trade 1 — Daily Directional Long (Market at 00:00 UK, 12 May)",Trade 1,LONG,MARKET,"Market at 00:00 UK · 4699.00 USD/oz (anchored to 11-May settle USD 4,699.07; subject to actual 00:00 print)",02:00,4699.0,4632.4,4765.6,4832.2,,66.6,BE_0.2R_ON_TP2,SESSION_CLOSE_TIMESTOP,"3 equal units. Unit 1 exits at TP1. Unit 2 exits at TP2. On Unit 2 fill, Unit 3 SL moves to entry + 0.2R = USD 4,712.32.",False,baseline,,
2026-05-12_Trade_2,2026-05-12,Gold_Report_Daily_12May2026.docx,Trade 2 — Pivot Trade (TREND_UP fork → trend-pullback long at daily S1.5),Trade 2,LONG,LIMIT,Buy limit at 4704.45 USD/oz · Daily S1.5 (mid-point of daily P and daily S1) · Valid for the 12-May session only,02:00,4704.45,4647.33,4761.57,4792.43,4828.27,57.12,BE_0.2R_ON_TP2,TRACE,"3 equal units. Unit 1 exits at TP1 (daily R1). Unit 2 exits at TP2 (daily R2). On Unit 2 fill, Unit 3 SL moves to entry + 0.2R = USD 4,715.89.",False,baseline,,
2026-05-12_Trade_3A,2026-05-12,Gold_Report_Daily_12May2026.docx,Trade 3A — Momentum-Pullback Long (38.2% fib retrace of the 4-May → 8-May swing),Trade 3A,LONG,LIMIT,"Buy limit at 4673.61 USD/oz · 38.2% retracement of 4-May → 8-May swing (USD 4,548.80 → 4,750.75)",02:00,4673.61,4649.77,4750.75,4827.89,4875.56,23.84,BE_0.2R_ON_TP2,TRACE,"3 equal units. Unit 1 exits at TP1. Unit 2 exits at TP2. On Unit 2 fill, Unit 3 SL moves to entry + 0.2R = USD 4,678.12. Structural runner override engages on USD 4,952.70 break.",False,baseline,,
2026-05-13_Trade_1,2026-05-13,Gold_Daily_Report_13May2026.docx,Trade 1 - Daily Directional (reduced conviction),Trade 1,LONG,MARKET,"$4,695 daily open anchor (00:00 UK), market-on-open",02:00,4695.0,4640.0,4750.0,4805.0,4890.0,55.0,BE_0.2R_ON_TP2,TRACE,"Unit 1 takes TP1; Unit 2 takes TP2 and triggers runner stop to BE + 0.2R = $4,706; Unit 3 runs to TP3",False,baseline,,
2026-05-13_Trade_2,2026-05-13,Gold_Daily_Report_13May2026.docx,RANGE FADE: short the upper rail / long the lower rail,Trade 2,SHORT,CONDITIONAL,Entry on rejection signal,02:00,4800.0,4830.0,4750.0,4705.0,4680.0,30.0,NONE,TRACE,,False,baseline,,
2026-05-13_Trade_3B,2026-05-13,Gold_Daily_Report_13May2026.docx,"Trade 3 - Complex (variant 3B - Mean-Reversion, range regime)",Trade 3B,LONG,LIMIT,"$4,665-$4,690 (50%-38.2% retrace)",02:00,4690.0,4605.0,4722.0,4773.0,4800.0,,BE_0.2R_ON_TP2,TRACE,"Standard universal rule: equal thirds, BE + 0.2R on Unit 2 fill",False,baseline,,
2026-05-14_Trade_1,2026-05-14,Gold_Report_14_May_2026.docx,"Trade 1 — Daily Directional (00:00 UK anchor, 14 May 2026)",Trade 1,SHORT,MARKET,"USD 4,688 /oz (intraday spot)",02:00,4688.0,4720.0,4656.0,4624.0,,32.0,BE_0.2R_ON_TP2,SESSION_CLOSE_TIMESTOP,"3 equal tranches (Unit 1 / Unit 2 / Runner) | Runner stop (post-TP2 fill): USD 4,688 + 0.2R = $4,694 /oz (BE + 600 ticks above entry)",False,baseline,,
2026-05-14_Trade_2,2026-05-14,Gold_Report_14_May_2026.docx,Trade 2 — Regime-aware Pivot (indicative),Trade 2,SHORT,LIMIT,"Entry (limit) — USD 4,716 /oz (daily R1 confluence with weekly R1 area)",02:00,4716.0,4752.0,4696.0,4659.0,,36.0,BE_0.2R_ON_TP2,SESSION_CLOSE_TIMESTOP,"3 equal tranches | Runner stop (post-TP2): $4,716 + 0.2R = $4,723 /oz (BE + 700 ticks)",False,baseline,,
2026-05-14_Trade_3C,2026-05-14,Gold_Report_14_May_2026.docx,Trade 3 — Complex (3C transition breakout),Trade 3C,SHORT,CONDITIONAL,"Bracket low (short trigger): USD 4,634 /oz daily close — weekly S2 confluence",02:00,4634.0,4696.0,4548.0,,,62.0,NONE,TRACE,3 equal tranches per side; only one bracket arms at a time,False,baseline,,
2026-05-15_Trade_1,2026-05-15,Gold_Daily_Report_15May2026.docx,Trade 1 — Daily Directional,Trade 1,SHORT,MARKET,Market at 00:00 UK Fri 15 May 2026,02:00,4652.0,4790.0,4514.0,4376.0,,138.0,BE_0.2R_ON_TP2,SESSION_CLOSE_TIMESTOP,"3 equal units. Unit 1 exits at TP1 (4,514). Unit 2 exits at TP2 (4,376). On Unit 2 fill, Unit 3 SL trails to entry + 0.2R = USD 4,679.60 (≈ break-even + 2,760 ticks above current run side; effectively locks in profit).",False,baseline,,
2026-05-15_Trade_2,2026-05-15,Gold_Daily_Report_15May2026.docx,Trade 2 — Pivot (TREND_DOWN: short entry on retest of broken pivot),Trade 2,SHORT,LIMIT,"Sell limit at USD 4,688 / oz (= daily R1 4,688.67). Order live for the 15-May session only; cancelled on close.",02:00,4688.0,4725.0,4651.0,4614.0,4665.0,37.0,BE_0.2R_ON_TP2,TRACE,"3 equal units. Unit 1 exits 4,651. Unit 2 exits 4,614. On Unit 2 fill, Unit 3 SL trails to entry + 0.2R = USD 4,695.40 (locks in ≈ +0.2R minimum on the runner).",False,baseline,,
2026-05-15_Trade_3C,2026-05-15,Gold_Daily_Report_15May2026.docx,Trade 3C — Momentum-Breakout (regime: TRANSITION; VOLator slope positive disqualifies pure RANGE / 3B mean-reversion),Trade 3C,SHORT,CONDITIONAL,"Stop entry SHORT at USD 4,570 / oz (= 25-session swing low 4,585 minus 0.25 × ATR ≈ 15). Confirmation: must be a daily close below 4,570, not an intraday print. Cancel-otherwise rule active.",02:00,4570.0,4648.0,4520.0,4455.0,4395.0,78.0,BE_0.2R_ON_TP2,TRACE,"3 equal units. Unit 1 exits at TP1 (4,520). Unit 2 exits at TP2 (4,455). On Unit 2 fill, Unit 3 SL trails to entry + 0.2R = USD 4,585.60 (locks in profit at the broken boundary).",False,baseline,,
2026-05-18_Trade_1,2026-05-18,Gold_Daily_Report_18-May-2026.docx,Trade 1 — Daily Directional (score-driven),Trade 1,SHORT,MARKET,"Market at 18-May 00:00 UK at the open (treated as 15-May close basis = 4,562 USD/oz)",02:00,4562.0,4648.0,4476.0,4390.0,,86.0,BE_0.2R_ON_TP2,SESSION_CLOSE_TIMESTOP,"3 equal units. Unit 1 exits at TP1 (+1R). Unit 2 exits at TP2 (+2R). On Unit 2 fill, Unit 3 stop moves to entry − 0.2R = 4,545 USD/oz (locks +0.2R).",False,baseline,,
2026-05-18_Trade_2,2026-05-18,Gold_Daily_Report_18-May-2026.docx,"Trade 2 — Pivot (regime-aware) — TRANSITION regime, breakout-side only",Trade 2,SHORT,CONDITIONAL,"Sell stop at 4,476 USD/oz — on confirmed break of weekly S1. Entry triggers only on a daily-close-below 4,476 or an intraday print of 4,476 − 0.10 × ATR (≈ 4,470) — whichever the engine confirms first.",02:00,4476.0,4576.0,4376.0,4276.0,4148.0,100.0,BE_0.2R_ON_TP2,TRACE,"3 equal units. On Unit 2 fill, Unit 3 stop moves to entry − 0.2R = 4,456 USD/oz.",False,baseline,,
2026-05-18_Trade_3C,2026-05-18,Gold_Daily_Report_18-May-2026.docx,Trade 3C — Momentum-Breakout (regime_label = TRANSITION),Trade 3C,SHORT,CONDITIONAL,"On confirmed-break close, at the following session's open. Reference confirmed-break level = 4,468.",02:00,4468.0,4565.0,4161.0,4008.0,3973.0,97.0,NONE,TRACE,"3 equal units. On Unit 2 fill, Unit 3 stop moves to the broken boundary at 4,483 (tighter than [BE_TRAIL_R] dictates — explicit per §5.3c TP2 rule).",False,baseline,,
2026-05-19_Trade_1,2026-05-19,Gold_Report_19_May_2026.docx,"Trade 1 — Daily Directional (SHORT, conviction-based)",Trade 1,SHORT,CONDITIONAL,"Sell on first 30-min close back below the 18 May close (4,542.49) after the 00:00 UK reset, or market on session open if already below.",02:00,4540.0,4597.5,4482.5,4425.0,,57.5,BE_0.2R_ON_TP2,SESSION_CLOSE_TIMESTOP,"Time-stopped at session close, OR price-stopped at 3 × ATR(14) = 4,540 − 210.6 = 4,329.4 USD/oz, whichever triggers first. On TP2 fill, runner stop moves to entry + 0.2 × R = 4,551.5 USD/oz (lock +0.2R).",False,baseline,,
2026-05-19_Trade_2,2026-05-19,Gold_Report_19_May_2026.docx,"Trade 2 — Pivot, Regime-Aware (TREND_DOWN: pivot breakout, SHORT side)",Trade 2,SHORT,STOP,"Stop or limit at P − 0.10 × (P − S1) = 4,591.52 − 0.10 × (4,591.52 − 4,429.55) = 4,575.32 USD/oz",02:00,4575.0,4680.0,4429.55,4374.55,4319.02,105.0,NONE,TRACE,"3 equal units. TP1 / TP2 / TP3: S1 (4,429.55) / S1.5 (4,374.55) / S2 (4,319.02)",False,baseline,,
2026-05-19_Trade_3A,2026-05-19,Gold_Report_19_May_2026.docx,Trade 3A — Regime-Driven Complex: Momentum-Pullback SHORT (TREND_DOWN active),Trade 3A,SHORT,LIMIT,"Sell limit at the 50% retracement of the swing-down = 4,617.15 USD/oz. Secondary tier: 61.8% retrace = 4,649.40 USD/oz.",02:00,4617.0,4712.75,4480.79,4376.65,4319.0,95.5,NONE,TRACE,"3 equal units. TP1 = swing low (4,480.79) — that's a 1.43R reward; size up to bank > 1R · TP2 = 38.2% extension below swing low (4,376.65) ≈ 2.5R · TP3 = runner, target 4,319 (weekly-S2) or time-stop at session close.",False,baseline,,
2026-05-20_Trade_1,2026-05-20,Gold_Report_20-May-2026.docx,Trade 1 — Daily Directional,Trade 1,SHORT,MARKET,"Market at 00:00 UK on 20 May 2026, $4,504.20 (last close anchor)",02:00,4504.2,4560.23,4448.17,4392.14,,56.03,BE_0.2R_ON_TP2,SESSION_CLOSE_TIMESTOP,"3 equal units; Unit 1 exits TP1; Unit 2 exits TP2; on Unit 2 fill, Unit 3 SL moves to entry – 0.2R = $4,515.41.",False,baseline,,
2026-05-20_Trade_2,2026-05-20,Gold_Report_20-May-2026.docx,"Trade 2 — Pivot (regime-aware), TREND-DOWN variant",Trade 2,SHORT,LIMIT,"Sell limit at $4,560.23 (daily P) — first re-test of broken structure",02:00,4560.23,4595.47,4524.99,4500.03,4498.8,35.24,BE_0.2R_ON_TP2,TRACE,"3 equal units; Unit 1 exits TP1; Unit 2 exits TP2; on Unit 2 fill, Unit 3 SL moves to entry + 0.2R = $4,567.28.",False,baseline,,
2026-05-20_Trade_3C,2026-05-20,Gold_Report_20-May-2026.docx,Trade 3 — Momentum-Breakout (3C variant). Regime fork: TREND_DOWN → 3C selected over 3A (pullback) and 3B (mean-reversion) per §3 fork rules.,Trade 3C,SHORT,STOP,"Stop entry at $4,496.00 on confirmed break (1×ATR(5) below the confluence band = $4,500 – 0.04 ATR margin)",02:00,4496.0,4540.5,4452.0,4407.0,4440.0,44.5,BE_0.2R_ON_TP2,TRACE,"3 equal units; Unit 1 exits TP1; Unit 2 exits TP2; on Unit 2 fill, Unit 3 SL moves to entry + 0.2R = $4,504.90 (default rule). 100%-extension override available per 3A rule.",False,baseline,,
2026-05-21_Trade_1,2026-05-21,Gold_Daily_Report_21-May-2026.docx,Trade 1 — Daily Directional,Trade 1,SHORT,MARKET,"Market at 00:00 UK, 21 May 2026 — 4,489.40 USD/oz",02:00,4489.4,4595.34,4383.46,4277.52,,105.94,BE_0.2R_ON_TP2,SESSION_CLOSE_TIMESTOP,"3 equal units. Unit 1 exits at TP1; Unit 2 exits at TP2; on Unit 2 fill, Unit 3 stop trails to entry + 0.2R.",False,baseline,,
2026-05-21_Trade_2,2026-05-21,Gold_Daily_Report_21-May-2026.docx,"Trade 2 — Pivot (regime-aware, TREND_DOWN branch)",Trade 2,SHORT,STOP,"Sell-stop at 4,500.04 USD/oz — 10% of the way from daily P (4,504.40) toward S1, on the downside.",02:00,4500.04,4527.28,4460.8,4432.2,,27.24,BE_0.2R_ON_TP2,TRACE,"3 equal units; Unit 1 at TP1, Unit 2 at TP2; on Unit 2 fill, Unit 3 stop trails to entry + 0.2R.",False,baseline,,
2026-05-21_Trade_3A,2026-05-21,Gold_Daily_Report_21-May-2026.docx,Trade 3 — Momentum-Pullback (variant 3A; TREND_DOWN),Trade 3A,SHORT,LIMIT,"57.5% retracement of the swing — 4,614.59 USD/oz (sell limit; midpoint of the 50% and 61.8% levels).",02:00,4614.59,4741.22,4568.01,4475.8,4234.42,126.63,BE_0.2R_ON_TP2,TRACE,"3 equal units; Unit 1 at TP1, Unit 2 at TP2; structural runner override supersedes the universal trail on the 100%-extension break.",False,baseline,,
2026-05-22_Trade_1,2026-05-22,Gold_Spot_Daily_Report_22-May-2026.docx,Trade 1 — Daily Directional,Trade 1,SHORT,MARKET,"Market at 00:00 UK on 22 May 2026 — reference $4,517.2/oz",02:00,4517.2,4559.5,4474.9,4432.6,,42.3,BE_0.2R_ON_TP2,SESSION_CLOSE_TIMESTOP,"Three equal units; Unit 1 exits at TP1, Unit 2 at TP2; on Unit 2 fill, Unit 3 stop trails to entry − 0.2R.",False,baseline,,
2026-05-22_Trade_2,2026-05-22,Gold_Spot_Daily_Report_22-May-2026.docx,Trade 2 — Pivot (TRANSITION regime — breakout side only),Trade 2,SHORT,STOP,"Sell-stop at $4,489.0/oz — on a confirmed downside break below the daily/weekly S1 confluence ($4,490–4,491)",02:00,4489.0,4541.5,4436.5,4384.0,4410.0,52.5,BE_0.2R_ON_TP2,TRACE,Three equal units; standard tranche rule; Unit 3 stop trails to entry − 0.2R on Unit 2 fill.,False,baseline,,
2026-05-22_Trade_3C,2026-05-22,Gold_Spot_Daily_Report_22-May-2026.docx,Trade 3 — Momentum-Breakout (variant 3C),Trade 3C,SHORT,CONDITIONAL,"At the confirmed breakout-candle close, or the following session open if identified post-close",02:00,4432.0,4684.0,4060.0,3865.0,,252.0,NONE,TRACE,"Three equal units; on Unit 2 fill, Unit 3 stop tightens to the broken boundary rather than the universal trail.",False,baseline,,
2026-05-25_Trade_1,2026-05-25,Gold_Report_25-May-2026.docx,Trade 1 — Daily Directional,Trade 1,SHORT,MARKET,"Market at 07:00 UK (overridden daily-open anchor) — reference $4,510 / oz",09:00,4510.0,4589.0,4431.0,4352.0,,79.0,BE_0.2R_ON_TP2,SESSION_CLOSE_TIMESTOP,"Three equal units. Unit 1 exits at TP1; Unit 2 exits at TP2; on Unit 2 fill, Unit 3 stop moves to entry + 0.2R.",False,baseline,,
2026-05-25_Trade_2,2026-05-25,Gold_Report_25-May-2026.docx,Trade 2 — Pivot (TRANSITION regime),Trade 2,n/a,,,,,,,,,,NONE,,,True,baseline,,
2026-05-25_Trade_3C,2026-05-25,Gold_Report_25-May-2026.docx,Trade 3C — Momentum-Breakout,Trade 3C,n/a,,,,,,,,,,NONE,,,True,baseline,,
2026-05-26_Trade_1,2026-05-26,Gold_Report_26May2026.docx,Trade 1 - Daily Directional (LONG),Trade 1,LONG,MARKET,Market at the 26 May session open (00:00 UK anchor; anchor overridden for this run),02:00,4562.69,4481.34,4644.04,4725.4,,81.35,BE_0.2R_ON_TP2,SESSION_CLOSE_TIMESTOP,"Three equal units. Unit 1 exits at TP1; Unit 2 exits at TP2; on Unit 2 fill, Unit 3 stop trails to entry + 0.2R.",False,baseline,,
2026-05-26_Trade_2,2026-05-26,Gold_Report_26May2026.docx,"Trade 2 - Pivot, regime-aware (TRANSITION -> breakout side, LONG)",Trade 2,LONG,STOP,"Buy-stop at USD 4,561.86 - 10% of the way from the daily pivot (USD 4,556.70) toward daily R1 (USD 4,608.29), on the upside",02:00,4561.86,4520.21,4608.29,4631.09,4653.9,41.64,BE_0.2R_ON_TP2,TRACE,"Three equal units; standard tranche rule - Unit 1 at TP1, Unit 2 at TP2, on Unit 2 fill Unit 3 stop to entry + 0.2R (USD 4,570.19).",False,baseline,,
2026-05-26_Trade_3C,2026-05-26,Gold_Report_26May2026.docx,Trade 3C - Momentum-Breakout (TRANSITION),Trade 3C,n/a,,,,,,,,,,NONE,,,True,baseline,,
2026-05-27_Trade_1,2026-05-27,Gold_Daily_Report_27May2026.docx,Trade 1 — Daily Directional (direction-of-the-day expression),Trade 1,SHORT,MARKET,"Market at the 00:00 UK session reset, 27 May 2026 — entry ≈ 4,489.65 USD/oz.",02:00,4489.65,4597.0,4382.3,4274.95,,107.35,BE_0.2R_ON_TP2,SESSION_CLOSE_TIMESTOP,"Three equal units; Unit 1 exits at TP1, Unit 2 at TP2; on Unit 2 fill, Unit 3 stop moves to entry +0.2R.",False,baseline,,
2026-05-27_Trade_2,2026-05-27,Gold_Daily_Report_27May2026.docx,"Trade 2 — Pivot, trend-following short across the daily pivot.",Trade 2,SHORT,LIMIT,"Sell entry at P − 0.10 × (P − S1) on the downside = 4,551.77 USD/oz (10% of the way from the daily pivot toward daily S1). A retracement-to-pivot short.",02:00,4551.77,4591.27,4524.57,4501.93,4479.29,39.5,BE_0.2R_ON_TP2,TRACE,"Three equal units; Unit 1 at TP1, Unit 2 at TP2; on Unit 2 fill, Unit 3 stop trails to entry +0.2R.",False,baseline,,
2026-05-27_Trade_3A,2026-05-27,Gold_Daily_Report_27May2026.docx,Trade 3 → variant 3A — Momentum-Pullback short (regime fork to 3A on a TREND_DOWN label).,Trade 3A,SHORT,LIMIT,"57.5% retracement of the swing (midpoint of the 50% and 61.8% levels) = 4,529.96 USD/oz — sell limit.",02:00,4529.96,4598.2,4534.62,4453.12,4321.0,68.24,BE_0.2R_ON_TP2,TRACE,Three equal units; structural runner override supersedes the universal trail on a confirmed 100%-extension break.,False,baseline,,
2026-05-28_Trade_1,2026-05-28,Gold_Daily_Report_28May2026.docx,"Daily directional short, entered at session anchor",Trade 1,SHORT,MARKET,"USD 4,440 / oz (market at anchor) — accept fills up to 4,460 only",02:00,4440.0,4510.0,4370.0,4300.0,4230.0,70.0,BE_0.2R_ON_TP2,TRACE,"TP3 (+3R, runner): USD 4,230 / oz = 21,000 ticks (1/3 size; runner). After TP2 fills, runner stop trails to entry minus (0.2R = 14 USD) = USD 4,454 — locks in +0.2R minimum.",False,baseline,,
2026-05-28_Trade_2,2026-05-28,Gold_Daily_Report_28May2026.docx,Regime-aware pivot trade. Active regime: TRANSITIONAL → breakout-side bias. Broken side = SHORT.,Trade 2,SHORT,LIMIT,"Limit SHORT at USD 4,492 / oz (top of weekly R1 zone and broken-shelf bottom)",02:00,4492.0,4545.0,4439.0,4386.0,,53.0,NONE,TRACE,"TP1 (+1R): USD 4,439 / oz = 5,300 ticks (1/2 size). Near consensus reference. TP2 (+2R): USD 4,386 / oz = 10,600 ticks (1/2 size). Inside the 4,398–4,403 weekly/daily S1 confluence.",False,baseline,,
2026-05-28_Trade_3C,2026-05-28,Gold_Daily_Report_28May2026.docx,Trade 3C — regime-driven transition breakout. Regime TRANSITIONAL with bearish lean → broken-side direction = SHORT.,Trade 3C,SHORT,CONDITIONAL,"Stop-market entry at USD 4,422 / oz on the close trigger; or limit at 4,425 if the level is being tested cleanly at session reset.",16:30,4422.0,4480.0,4364.0,4306.0,4248.0,58.0,BE_0.2R_ON_TP2,TRACE,"TP3 (+3R, runner): USD 4,248 / oz = 17,400 ticks (1/3 size; runner). After TP2 fill, runner stop trails to entry minus 0.2R = USD 4,434 — locks in +0.2R minimum.",False,baseline,,
2026-05-29_Trade_1,2026-05-29,Gold_Daily_Report_29May2026.docx,Trade 1 - Daily Directional (SHORT),Trade 1,SHORT,MARKET,"Market at 07:00 UK (anchor override). Reference 4,404.2",09:00,4404.2,4541.8,4266.7,4129.1,,137.5,BE_0.2R_ON_TP2,SESSION_CLOSE_TIMESTOP,"3 equal units; Unit 1 at TP1, Unit 2 at TP2; on Unit 2 fill Unit 3 SL → entry +0.2R",False,baseline,,
2026-05-29_Trade_2,2026-05-29,Gold_Daily_Report_29May2026.docx,"Trade 2 - Pivot, regime-aware (TREND_DOWN breakout, SHORT)",Trade 2,SHORT,STOP,"Sell stop/limit at 4,406.8 — P − 10% of (P−S1)",09:00,4406.8,4448.4,4358.9,4336.2,4313.6,41.6,BE_0.2R_ON_TP2,TRACE,3 equal units; standard tranche rule; runner toward S2,False,baseline,,
2026-05-29_Trade_3A,2026-05-29,Gold_Daily_Report_29May2026.docx,"Trade 3A - Momentum-Pullback (TREND_DOWN, SHORT)",Trade 3A,SHORT,LIMIT,"4,506.5 — 57.5% retracement (midpoint of 50% and 61.8%)",09:00,4506.5,4635.4,4459.6,4366.8,4123.8,128.8,BE_0.2R_ON_TP2,TRACE,"On fill, Unit 3 SL → entry +0.2R",False,baseline,,
2026-06-01_Trade_1,2026-06-01,Gold_Report_01Jun2026.docx,Trade 1 — Directional (tactical long),Trade 1,LONG,MARKET,market / on-shelf,02:00,4539.0,4486.0,4593.0,4647.0,,53.0,NONE,,,False,baseline,,
2026-06-01_Trade_2,2026-06-01,Gold_Report_01Jun2026.docx,Trade 2 — Regime-aware pivot,Trade 2,LONG,LIMIT,limit (between P & S1),02:00,4505.0,4460.0,4565.0,4593.0,,45.0,NONE,,,False,baseline,,
2026-06-01_Trade_3B,2026-06-01,Gold_Report_01Jun2026.docx,Trade 3 — Regime-driven complex (fork 3B: range/breakout),Trade 3B,LONG,STOP,stop (above R1/29-May high),02:00,4596.0,4533.0,4648.0,4668.0,,63.0,NONE,,,False,baseline,,
2026-06-02_Trade_1,2026-06-02,Gold_Report_02-Jun-2026.docx,Trade 1 - Daily Directional (SHORT),Trade 1,SHORT,STOP,"Sell stop at 4,488 (1 USD/oz tick = 0.01) on a confirmed break of Monday's 4,489.86 low; or sell-limit into 4,535 on a rally",02:00,4488.0,4548.0,4428.0,4368.0,,60.0,BE_0.2R_ON_TP2,SESSION_CLOSE_TIMESTOP,"3 equal units; U1 exits TP1, U2 exits TP2; on U2 fill move U3 stop to entry −0.2R (entry +12 ticks)",False,baseline,,
2026-06-02_Trade_2,2026-06-02,Gold_Report_02-Jun-2026.docx,"Trade 2 - Pivot, regime-aware (SHORT-from-resistance)",Trade 2,SHORT,LIMIT,"Sell-limit at 4,534 (daily R1) — marked indicative (single-source daily pivots)",02:00,4534.0,4570.0,4498.0,4462.0,4428.0,36.0,BE_0.2R_ON_TP2,TRACE,"3 equal units; U1→TP1, U2→TP2; on U2 fill U3 stop to entry −0.2R",False,baseline,,
2026-06-02_Trade_3B,2026-06-02,Gold_Report_02-Jun-2026.docx,Trade 3 - Regime-driven complex → fork 3B (Mean-Reversion),Trade 3B,SHORT,CONDITIONAL,"Sell into the 4,535–4,560 supply band (range-top fade); confirm with rejection wick",02:00,4550.0,4600.0,4480.0,4400.0,4308.0,50.0,BE_0.2R_ON_TP2,TRACE,"3 equal units; U1→mid, U2→range low; on U2 fill U3 stop to entry −0.2R",False,baseline,,
2026-06-03_Trade_1,2026-06-03,Gold_Report_03Jun2026.docx,Trade 1 - Daily Directional (SHORT),Trade 1,SHORT,MARKET,Market at the 3 June session open (anchor override applied),02:00,4500.92,4559.1,4442.74,4384.57,,58.18,BE_0.2R_ON_TP2,SESSION_CLOSE_TIMESTOP,3 equal units; U1 exits TP1; U2 exits TP2; on U2 fill U3 stop → entry +0.2R,False,baseline,,
2026-06-03_Trade_2,2026-06-03,Gold_Report_03Jun2026.docx,Trade 2 - Pivot (TRANSITION),Trade 2,n/a,,,,,,,,,,NONE,,,True,baseline,,
2026-06-03_Trade_3C,2026-06-03,Gold_Report_03Jun2026.docx,Trade 3C - Momentum-Breakout,Trade 3C,n/a,,,,,,,,,,NONE,,,True,baseline,,
2026-06-04_Trade_1,2026-06-04,Gold_Report_04-Jun-2026.docx,Trade 1 — Daily Directional (SHORT),Trade 1,SHORT,MARKET,Market at 07:00 UK (overridden anchor),09:00,4440.07,4532.11,4348.03,4255.99,,92.0,BE_0.2R_ON_TP2,SESSION_CLOSE_TIMESTOP,"3 equal units; U1→TP1; U2→TP2; on U2 fill, U3 SL to entry +0.2R",False,baseline,,
2026-06-04_Trade_2,2026-06-04,Gold_Report_04-Jun-2026.docx,"Trade 2 — Pivot (TREND_DOWN breakout, SHORT)",Trade 2,SHORT,STOP,"Sell stop at 4,466.77 (P − 10% of P→S1)",02:00,4466.77,4501.14,4405.6,4388.37,4371.14,34.4,NONE,TRACE,3 equal units; U1→TP1; U2→TP2; runner toward S2,False,baseline,,
2026-06-04_Trade_3A,2026-06-04,Gold_Report_04-Jun-2026.docx,"Trade 3A — Momentum-Pullback (TREND_DOWN, SHORT)",Trade 3A,SHORT,LIMIT,"4,463.69 — 57.5% retracement of the swing",02:00,4463.69,4619.39,4507.87,4366.41,4137.51,155.7,BE_0.2R_ON_TP2,TRACE,"TP2 (Unit 2) 4,366.41 — 0% / swing low; on fill U3 SL → entry +0.2R",False,baseline,,
2026-06-05_Trade_1,2026-06-05,Gold_Report_05Jun2026.docx,Trade 1 - Daily Directional,Trade 1,n/a,,,,,,,,,,NONE,,,True,baseline,,
2026-06-05_Trade_2,2026-06-05,Gold_Report_05Jun2026.docx,"Trade 2 - Pivot, regime-aware (RANGE - mean-reversion fade)",Trade 2,LONG,LIMIT,"Buy limit at weekly S1 = 4,405.35 USD/oz. Order rests below market (price 4,497.29).",02:00,4405.35,4321.31,4489.39,4573.43,4500.33,84.04,BE_0.2R_ON_TP2,TRACE,"3 equal units; Unit 1 - TP1; Unit 2 - TP2; on Unit 2 fill, Unit 3 SL - entry +0.2R.",False,baseline,,
2026-06-05_Trade_3B,2026-06-05,Gold_Report_05Jun2026.docx,Trade 3 - Mean-Reversion (variant 3B; regime = RANGE),Trade 3B,LONG,LIMIT,"Buy-limit zone 4,412.86 - 4,453.60 USD/oz (use 4,453.60 as the working fill).",02:00,4453.6,4407.15,4570.12,4733.09,,46.45,BE_0.2R_ON_TP2,TRACE,3 equal units; universal BE+0.2R rule on Unit 2 fill.,False,baseline,,
2026-06-08_Trade_1,2026-06-08,Gold_Report_08-Jun-2026.docx,Trade 1 - Daily Directional (SHORT),Trade 1,SHORT,MARKET,Market at the 8 Jun daily open (anchor overridden to 8 Jun session open),02:00,,4420.0,4260.0,4180.0,,80.0,BE_0.2R_ON_TP2,SESSION_CLOSE_TIMESTOP,"3 equal units; U1 exits TP1; U2 exits TP2; on U2 fill, U3 SL → entry − 0.2R",False,baseline,,
2026-06-08_Trade_2,2026-06-08,Gold_Report_08-Jun-2026.docx,"Trade 2 - Pivot, regime-aware (SHORT / trend)",Trade 2,SHORT,LIMIT,"Sell limit at P $4,377.70 (rally into pivot)",02:00,4377.7,4447.0,4308.4,4239.1,4207.91,69.3,BE_0.2R_ON_TP2,TRACE,3 equal units; standard tranche rule; U3 SL → entry − 0.2R on U2 fill,False,baseline,,
2026-06-08_Trade_3C,2026-06-08,Gold_Report_08-Jun-2026.docx,Trade 3C - Momentum-Breakout (SHORT),Trade 3C,SHORT,STOP,"Stop entry at $4,309.0 on confirmed break of Fri low $4,311.86",02:00,4309.0,4372.0,4246.0,4183.0,4103.97,63.0,BE_0.2R_ON_TP2,TRACE,3 equal units; 3C uses standard rule (3A structural override n/a),False,baseline,,
2026-06-09_Trade_1,2026-06-09,Gold_Report_09Jun2026.docx,Trade 1 - Daily Directional,Trade 1,SHORT,MARKET,Market at 07:00 UK (overridden anchor),09:00,4313.0,4404.0,4222.0,4132.0,,91.0,BE_0.2R_ON_TP2,SESSION_CLOSE_TIMESTOP,"3 equal units; Unit1→TP1, Unit2→TP2, Unit3 runner with BE+0.2R trail on Unit2 fill",False,baseline,,
2026-06-09_Trade_2,2026-06-09,Gold_Report_09Jun2026.docx,"Trade 2 - Pivot (TREND_DOWN, breakout-follow)",Trade 2,SHORT,STOP,Sell-stop/limit at P − 10% of (P−S1),02:00,4314.0,4361.0,4262.0,4236.0,4211.0,47.0,BE_0.2R_ON_TP2,TRACE,3 equal units; BE+0.2R on Unit2 fill,False,baseline,,
2026-06-09_Trade_3A,2026-06-09,Gold_Report_09Jun2026.docx,Trade 3A - Momentum-Pullback (TREND_DOWN),Trade 3A,SHORT,LIMIT,"57.5% retrace ≈ $4,433 (sell into a bounce)",02:00,4433.0,4582.0,4378.0,4268.0,,149.0,NONE,TRACE,3 equal units; structural runner override on 100%-extension break,False,baseline,,
2026-06-10_Trade_1,2026-06-10,Gold_Report_10-Jun-2026.docx,Trade 1 - Daily Directional (SHORT),Trade 1,SHORT,MARKET,Sell at the 07:00 UK open (overridden anchor),09:00,4290.0,4368.0,4212.0,4134.0,,78.0,BE_0.2R_ON_TP2,SESSION_CLOSE_TIMESTOP,"3 equal units; U1 at TP1, U2 at TP2; on U2 fill U3 stop to entry ±0.2R",False,baseline,,
2026-06-10_Trade_2,2026-06-10,Gold_Report_10-Jun-2026.docx,Trade 2 - Pivot (TREND_DOWN),Trade 2,n/a,,,,,,,,,,NONE,,,True,baseline,,
2026-06-10_Trade_3A,2026-06-10,Gold_Report_10-Jun-2026.docx,Trade 3A - Momentum-Pullback (SHORT),Trade 3A,SHORT,LIMIT,"57.5% retracement ≈ $4,385 (sell limit on a bounce)",02:00,4385.0,4487.0,4346.0,4268.0,,102.0,BE_0.2R_ON_TP2,TRACE,"On fill, U3 stop to entry +0.2R",False,baseline,,
2026-06-11_Trade_1,2026-06-11,Gold_Report_11-Jun-2026.docx,Trade 1 - Daily Directional,Trade 1,SHORT,STOP,"Sell stop at 4,089 on a confirmed break of the 4,090 swing low (or market sell on a rally rejection at 4,138)",02:00,4089.0,4164.0,4014.0,3939.0,,75.0,BE_0.2R_ON_TP2,SESSION_CLOSE_TIMESTOP,"3 equal units; Unit 1 at TP1, Unit 2 at TP2; on Unit 2 fill, Unit 3 SL → entry ± 0.2R (≈15 USD)",False,baseline,,
2026-06-11_Trade_2,2026-06-11,Gold_Report_11-Jun-2026.docx,Trade 2 - Pivot (regime-aware breakout-side),Trade 2,SHORT,STOP,"Sell stop at 4,074 on break of daily S1 (4,075.3)",02:00,4074.0,4125.0,4041.0,3991.0,3907.0,51.0,BE_0.2R_ON_TP2,TRACE,3 equal units; standard rule; on Unit 2 fill Unit 3 SL → entry ± 0.2R (≈10 USD),False,baseline,,
2026-06-11_Trade_3A,2026-06-11,Gold_Report_11-Jun-2026.docx,Trade 3A - Momentum-Pullback (TREND_DOWN fork),Trade 3A,SHORT,LIMIT,"Sell limit at 4,153 (broken weekly S1 4,153.7 retest)",02:00,4153.0,4208.0,4098.0,4048.0,3990.0,55.0,NONE,TRACE,3 equal units; 3A structural-runner override active,False,baseline,,
2026-06-15_Trade_1,2026-06-15,Gold_Report_15Jun2026.docx,Trade 1 — Daily Directional (SHORT — TREND_DOWN regime),Trade 1,SHORT,MARKET,"Market / just-fillable at 07:00 UK ≈ US$4,176.51 (anchor overridden to 07:00 UK)",09:00,4176.51,4258.25,4094.77,4013.04,,81.74,BE_0.2R_ON_TP2,SESSION_CLOSE_TIMESTOP,3 equal units; Unit 1 → TP1; Unit 2 → TP2; on Unit-2 fill Unit-3 SL → entry +0.2R,False,baseline,,
2026-06-15_Trade_2,2026-06-15,Gold_Report_15Jun2026.docx,"Trade 2 — Pivot, regime-aware (SHORT — TREND_DOWN pivot breakdown)",Trade 2,SHORT,STOP,"Sell stop/limit at US$4,191.00 — 10% of the P→S1 leg below the daily pivot P",09:00,4191.0,4213.64,4158.64,4134.84,,22.64,NONE,TRACE,,False,baseline,,
2026-06-15_Trade_3A,2026-06-15,Gold_Report_15Jun2026.docx,Trade 3 — Momentum-Pullback 3A (SHORT — TREND_DOWN),Trade 3A,SHORT,LIMIT,"Sell limit at the 57.5% retracement = US$4,219.02 (pullback into resistance)",09:00,4219.02,4391.18,4153.41,4023.55,3683.6,172.0,BE_0.2R_ON_TP2,TRACE,"TP2 (0% — swing low) US$4,023.55 — on fill, Unit-3 SL → entry +0.2R; TP3 (100%+ extension) US$3,683.60; structural runner override: on a print below the 100% extension, Unit-3 SL → 50% of the 1:1 leg (≈US$4,121)",False,baseline,,
2026-06-16_Trade_1,2026-06-16,Gold_Report_16Jun2026.docx,Trade 1 - Daily Directional (LONG),Trade 1,LONG,MARKET,Market at 07:00 UK open,09:00,4314.33,4146.57,4482.09,4649.84,,167.8,BE_0.2R_ON_TP2,SESSION_CLOSE_TIMESTOP,"3 equal units; U1→TP1, U2→TP2, U3 runner with BE+0.2R trail on U2 fill",False,baseline,,
2026-06-16_Trade_2,2026-06-16,Gold_Report_16Jun2026.docx,"Trade 2 - Pivot, TRANSITION breakout-side (LONG, indicative)",Trade 2,LONG,STOP,"Stop/limit at $4,216.15 — 10% of the way from daily P ($4,212) toward R1",09:00,4216.15,4184.3,4253.89,4271.18,4288.47,31.9,NONE,TRACE,,False,baseline,,
2026-06-16_Trade_3C,2026-06-16,Gold_Report_16Jun2026.docx,Trade 3C - Momentum-Breakout (TRANSITION),Trade 3C,n/a,,,,,,,,,,NONE,,,True,baseline,,
2026-06-17_Trade_1,2026-06-17,Gold_Report_17-Jun-2026.docx,Trade 1 - Daily Directional,Trade 1,LONG,MARKET,"Market at 00:00 UK, ~$4,340/oz",02:00,4340.0,4303.0,4377.0,4414.0,4451.0,37.0,BE_0.2R_ON_TP2,SESSION_CLOSE_TIMESTOP,"3 equal units; U1→TP1, U2→TP2; on U2 fill, U3 stop → entry +0.2R ($4,347)",False,baseline,,
2026-06-17_Trade_2,2026-06-17,Gold_Report_17-Jun-2026.docx,Trade 2 - Pivot (regime-aware),Trade 2,LONG,LIMIT,"Buy-limit at daily P $4,331.9",02:00,4331.9,4288.4,4357.7,4375.4,4401.2,43.5,BE_0.2R_ON_TP2,TRACE,3 equal units; standard rule; on U2 fill U3 stop → entry +0.2R,False,baseline,,
2026-06-17_Trade_3A,2026-06-17,Gold_Report_17-Jun-2026.docx,Trade 3 - Regime-driven (fork: 3A Momentum-Pullback),Trade 3A,LONG,STOP,"Stop-entry at $4,351 on confirmed break of 16-Jun high $4,349.6",02:00,4351.0,4314.0,4388.0,4425.0,4451.0,37.0,NONE,TRACE,3 equal units; 3A runner override applies on extension break,False,baseline,,
2026-06-18_Trade_1,2026-06-18,Gold_Report_18Jun2026.docx,Trade 1 - Daily Directional,Trade 1,LONG,MARKET,"Market at 07:00 UK open (anchor overridden this run), ≈ $4,352",09:00,4352.0,4288.0,4416.0,4480.0,,64.0,BE_0.2R_ON_TP2,SESSION_CLOSE_TIMESTOP,"3 equal units; U1 exits TP1; U2 exits TP2; on U2 fill, U3 stop → entry + 0.2R ($4,365)",False,baseline,,
2026-06-18_Trade_2,2026-06-18,Gold_Report_18Jun2026.docx,Trade 2 - Pivot (TRANSITION),Trade 2,n/a,,,,,,,,,,NONE,,,True,baseline,,
2026-06-18_Trade_3A,2026-06-18,Gold_Report_18Jun2026.docx,Trade 3A - Momentum-Pullback (TRANSITION → fork defaults to 3A),Trade 3A,LONG,LIMIT,"Buy limit at $4,318",02:00,4318.0,4266.0,4370.0,4422.0,4382.0,52.0,BE_0.2R_ON_TP2,TRACE,"3 equal units; U1→TP1, U2→TP2; on U2 fill U3 stop → entry + 0.2R",False,baseline,,
2026-06-19_Trade_1,2026-06-19,Gold_Report_19-Jun-2026.docx,Trade 1 — Daily Directional,Trade 1,SHORT,MARKET,"Market at 07:00 UK (anchor override). Reference 4,188.30 (19 Jun open)",09:00,4188.3,4313.6,4063.0,3937.7,,125.3,BE_0.2R_ON_TP2,SESSION_CLOSE_TIMESTOP,"3 equal units; U1 exits TP1; U2 exits TP2; on U2 fill, U3 SL → entry ± 0.2R",False,baseline,,
2026-06-19_Trade_2,2026-06-19,Gold_Report_19-Jun-2026.docx,"Trade 2 — Pivot (TREND_DOWN, trend-following)",Trade 2,SHORT,STOP,"Sell-stop/limit at P − 0.10×(P − S1) ≈ 4,225.86 (just below daily P on the downside)",02:00,4225.86,4273.86,4140.32,4116.26,4092.2,48.0,BE_0.2R_ON_TP2,TRACE,"3 equal units; U1→S1, U2→S1.5; on U2 fill U3 SL → entry − 0.2R; runner toward P-as-target rule replaced by S2 in trend mode",False,baseline,,
2026-06-19_Trade_3A,2026-06-19,Gold_Report_19-Jun-2026.docx,Trade 3 — Momentum-Pullback (variant 3A),Trade 3A,SHORT,LIMIT,"57.5% retracement of the down-swing ≈ 4,271.93 (sell into the bounce)",02:00,4271.93,4412.97,4283.16,4121.86,3860.87,141.04,BE_0.2R_ON_TP2,TRACE,"On fill, U3 SL → entry + 0.2R",False,baseline,,
2026-06-23_Trade_1,2026-06-23,Gold_Report_23-Jun-2026.docx,Trade 1 — Daily Directional,Trade 1,SHORT,CONDITIONAL,"Sell stop at $4,176.00 on a confirmed daily close below the confluence (or market on rejection of $4,221 weekly P)",02:00,4176.0,4265.0,4087.0,3998.0,3910.0,89.0,BE_0.2R_ON_TP2,SESSION_CLOSE_TIMESTOP,"3 equal units; U1 exits TP1, U2 exits TP2; on U2 fill, U3 SL → entry ±0.2R ($17.80)",False,baseline,,
2026-06-23_Trade_2,2026-06-23,Gold_Report_23-Jun-2026.docx,"Trade 2 — Pivot (regime-aware, TREND_DOWN)",Trade 2,SHORT,LIMIT,"Sell limit at $4,221.33 (weekly P) — fade into resistance in a downtrend",02:00,4221.33,4264.62,4184.45,4148.55,4104.28,43.29,BE_0.2R_ON_TP2,TRACE,"3 equal units; U1→TP1, U2→TP2; on U2 fill, U3 SL → entry ±0.2R ($8.66)",False,baseline,,
2026-06-23_Trade_3A,2026-06-23,Gold_Report_23-Jun-2026.docx,Trade 3A — Momentum-Pullback (TREND_DOWN selected),Trade 3A,SHORT,LIMIT,"Sell limit at the 38.2% retrace of the $4,382.85→$4,120.89 down-leg = $4,220.95",02:00,4220.95,4265.0,4120.89,4040.0,3959.0,44.05,NONE,TRACE,"3A override: on 100%-ext break, U3 SL → halfway entry-to-0% anchor",False,baseline,,
2026-06-24_Trade_1,2026-06-24,Gold_Report_24Jun2026.docx,"Trade 1 - Daily Directional (SHORT, TREND_DOWN regime)",Trade 1,SHORT,MARKET,Market at 00:00 UK,02:00,4198.66,4343.56,4053.76,3908.85,,144.9,BE_0.2R_ON_TP2,SESSION_CLOSE_TIMESTOP,"3 equal units; U1→TP1, U2→TP2; on U2 fill, U3 stop → entry +0.2R (4,169.68)",False,baseline,,
2026-06-24_Trade_2,2026-06-24,Gold_Report_24Jun2026.docx,"Trade 2 - Pivot (regime-aware, INDICATIVE)",Trade 2,SHORT,LIMIT,"Sell-limit at weekly pivot 4,221.33 (corroborated weekly tier) or daily R1 4,180.25 (indicative)",02:00,4221.33,4265.0,4144.82,4093.65,,,NONE,,,False,baseline,,
2026-06-24_Trade_3A,2026-06-24,Gold_Report_24Jun2026.docx,Trade 3A - Momentum-Pullback (SHORT),Trade 3A,SHORT,STOP,"Stop-entry at 4,109.40 on confirmed break of 23-Jun low",02:00,4109.4,4200.5,4060.0,4007.05,,,NONE,TRACE,"TP2 / runner: 4,007.05 (daily S3); runner to measured-move extension",False,baseline,,
2026-06-25_Trade_1,2026-06-25,Gold_Report_25Jun2026.docx,Trade 1 - Daily Directional (SHORT),Trade 1,SHORT,MARKET,"Sell at as-of session open ≈ 4,016 (anchor overridden to 25 Jun session open per instruction)",02:00,4016.0,4140.0,3892.0,3768.0,,124.0,BE_0.2R_ON_TP2,SESSION_CLOSE_TIMESTOP,"3 equal units; U1→TP1, U2→TP2; on U2 fill U3 SL → entry ∓0.2R",False,baseline,,
2026-06-25_Trade_2,2026-06-25,Gold_Report_25Jun2026.docx,"Trade 2 - Pivot, regime-aware (TREND_DOWN → trend-follow short across pivot)",Trade 2,SHORT,STOP,"Sell-stop at P − 10%·(P − S1) ≈ 4,032 (just below daily P 4,040)",02:00,4032.0,4081.0,3964.0,3938.0,3913.0,49.0,NONE,TRACE,,False,baseline,,
2026-06-25_Trade_3A,2026-06-25,Gold_Report_25Jun2026.docx,"Trade 3A - Momentum-Pullback (TREND_DOWN, SHORT)",Trade 3A,SHORT,LIMIT,"57.5% retrace of the down-swing ≈ 4,185 (sell into a rally)",02:00,4185.0,4359.0,4119.0,3988.0,3843.0,,BE_0.2R_ON_TP2,TRACE,on fill U3 SL → entry +0.2R,False,baseline,,
2026-06-26_Trade_1,2026-06-26,Gold_Report_26-Jun-2026.docx,Trade 1 — Daily Directional,Trade 1,SHORT,MARKET,"Market at 07:00 UK, ≈ 4,040 (USD/oz). Anchor overridden to 07:00 UK this run.",09:00,4040.0,4096.0,3984.0,3929.0,3873.0,56.0,BE_0.2R_ON_TP2,TRACE,"3 equal units; Unit 1 at TP1, Unit 2 at TP2; on Unit 2 fill, Unit 3 stop → entry +0.2R (≈4,051)",False,baseline,,
2026-06-26_Trade_2,2026-06-26,Gold_Report_26-Jun-2026.docx,"Trade 2 — Pivot (Trend-Following, TREND_DOWN)",Trade 2,SHORT,STOP,"Sell-stop at 4,015 on a confirmed break back below daily P (4,019)",09:00,4015.0,4062.0,3968.0,3921.0,3889.0,47.0,BE_0.2R_ON_TP2,TRACE,3 equal units; standard BE+0.2R rule on Unit 2 fill,False,baseline,,
2026-06-26_Trade_3A,2026-06-26,Gold_Report_26-Jun-2026.docx,"Trade 3 — Momentum-Pullback (3A, TREND_DOWN)",Trade 3A,SHORT,LIMIT,"Sell-limit at 4,074 (daily R1 / 24-Jun-high pullback)",09:00,4074.0,4122.0,4061.0,3978.0,3964.0,48.0,NONE,TRACE,3 equal units; 3A structural runner override on extension break,False,baseline,,
2026-06-29_Trade_1,2026-06-29,Gold_Report_29Jun2026.docx,Trade 1 - Daily Directional (SHORT),Trade 1,SHORT,STOP,"Sell stop at 3,983 (26 Jun low) on confirmed break, or market on weakness at the 07:00 UK open ≈ 4,007",09:00,3983.0,4045.0,3921.0,3859.0,,62.0,BE_0.2R_ON_TP2,SESSION_CLOSE_TIMESTOP,"3 equal units; U1 exits TP1, U2 exits TP2; on U2 fill, U3 stop → entry −0.2R",False,baseline,,
2026-06-29_Trade_2,2026-06-29,Gold_Report_29Jun2026.docx,"Trade 2 - Pivot, Trend-Following (SHORT)",Trade 2,SHORT,LIMIT,"Sell limit at daily R1 4,031 (rally into resistance)",09:00,4031.0,4078.0,4007.0,3985.0,3961.0,47.0,BE_0.2R_ON_TP2,TRACE,3 equal units; standard BE+0.2R rule on U2 fill,False,baseline,,
2026-06-29_Trade_3A,2026-06-29,Gold_Report_29Jun2026.docx,Trade 3A - Momentum-Pullback (SHORT),Trade 3A,SHORT,LIMIT,"Sell limit at the 38.2% retrace of the 22–24 Jun down-leg ≈ 4,073 (fib anchor 4,220→3,959)",09:00,4073.0,4123.0,4023.0,3990.0,3959.0,50.0,NONE,TRACE,"3 units; Trade 3A runner override — on 100%-extension break, stop → halfway between entry and 0% anchor",False,baseline,,
2026-06-30_Trade_1,2026-06-30,Gold_Report_30Jun2026.docx,Trade 1 - Daily Directional,Trade 1,SHORT,LIMIT,"Sell limit $4,062 (daily/weekly pivot confluence) — market at 07:00 UK if already trading below pivot",09:00,4062.0,4096.0,4028.0,3994.0,3945.0,34.0,BE_0.2R_ON_TP2,SESSION_CLOSE_TIMESTOP,"3 equal units; U1 exits TP1, U2 exits TP2; on U2 fill, U3 stop → entry −0.2R ($4,055)",False,baseline,,
2026-06-30_Trade_2,2026-06-30,Gold_Report_30Jun2026.docx,"Trade 2 - Pivot (regime-aware, TREND)",Trade 2,SHORT,STOP,"Sell stop $4,029 on confirmed break of daily S1 (momentum continuation)",09:00,4029.0,4062.0,3996.0,3963.0,3906.0,33.0,BE_0.2R_ON_TP2,TRACE,3 equal units; standard rule; U3 stop → entry −0.2R on U2 fill,False,baseline,,
2026-06-30_Trade_3A,2026-06-30,Gold_Report_30Jun2026.docx,Trade 3 - Complex (fork → 3A Momentum-Pullback),Trade 3A,SHORT,LIMIT,"Sell limit $4,075 — pullback into the 38.2% retrace of the 23–25 Jun down-leg",09:00,4075.0,4100.0,4050.0,4025.0,3975.0,25.0,NONE,TRACE,"3 equal units; 3A runner override: on 100%-extension break, U3 stop → halfway entry-to-0% anchor",False,baseline,,
2026-07-01_Trade_1,2026-07-01,Gold_Report_01-Jul-2026.docx,Trade 1 — Daily Directional,Trade 1,n/a,,,,,,,,,,NONE,,,True,baseline,,
2026-07-01_Trade_2,2026-07-01,Gold_Report_01-Jul-2026.docx,"Trade 2 — Pivot, TREND-continuation (medium regime TREND_DOWN)",Trade 2,SHORT,LIMIT,"Sell limit $4,077.64 (daily R1)",02:00,4077.64,4115.26,4040.02,4002.4,4010.47,37.62,BE_0.2R_ON_TP2,TRACE,"3 equal units; U1 exits TP1, U2 exits TP2; on U2 fill, U3 SL → entry − 0.2R ($4,070.12)",False,baseline,,
2026-07-01_Trade_3A,2026-07-01,Gold_Report_01-Jul-2026.docx,Trade 3A — Momentum-Pullback (regime TREND_DOWN; sell the counter-trend bounce),Trade 3A,SHORT,MARKET,"Market at 00:00 UK $4,025.94 (overridden daily-open anchor, 1 Jul)",02:00,4025.94,4077.64,3974.24,3943.3,3891.6,51.7,BE_0.2R_ON_TP2,TRACE,"3 equal units; U1 exits TP1, U2 exits TP2; on U2 fill, U3 SL → entry + 0.2R ($4,036.28)",False,baseline,,
2026-07-02_Trade_1,2026-07-02,Gold_Report_02Jul2026.docx,Trade 1 — Daily Directional,Trade 1,n/a,,,,,,,,,,NONE,,,True,baseline,,
2026-07-02_Trade_2,2026-07-02,Gold_Report_02Jul2026.docx,"Trade 2 — Pivot (regime-aware, TRANSITION → sell rally into resistance)",Trade 2,SHORT,LIMIT,"Sell limit $4,012.61 (daily R1) — 26,261 ticks level; alt. market on rejection wick",02:00,4012.61,4065.0,3960.22,3907.83,3828.0,52.39,BE_0.2R_ON_TP2,TRACE,"3 equal units; U1 exits TP1, U2 exits TP2; on U2 fill U3 stop → entry −0.2R",False,baseline,,
2026-07-02_Trade_3A,2026-07-02,Gold_Report_02Jul2026.docx,"Trade 3 — Complex (fork → 3A Momentum-Pullback, short side)",Trade 3A,SHORT,STOP,"Stop-entry $3,982.00 on confirmed break of 01 Jul low $3,960.25... use $3,944.00 break (30 Jun low) as trigger for continuation",02:00,3982.0,4010.0,3878.0,3828.0,3785.0,66.0,BE_0.2R_ON_TP2,TRACE,"3 equal units; U1/U2 as above; 3A override — on 100%-ext break, SL → halfway entry↔0% anchor",False,baseline,,
2026-07-03_Trade_1,2026-07-03,Gold_Report_03-Jul-2026.docx,Trade 1 — Daily Directional,Trade 1,n/a,,,02:00,,,,,,,NONE,,,True,baseline,,
2026-07-03_Trade_2,2026-07-03,Gold_Report_03-Jul-2026.docx,"Trade 2 — Pivot, range-fade variant (TRANSITION regime)",Trade 2,SHORT,LIMIT,"Sell limit $4,145.00 (tick 0.01)",02:00,4145.0,4183.0,4107.0,4069.0,4009.32,38.0,BE_0.2R_ON_TP2,TRACE,"3 equal units; U1 exits TP1, U2 exits TP2; on U2 fill move U3 stop to entry ± 0.2R ($7.60)",False,baseline,,
2026-07-03_Trade_3A,2026-07-03,Gold_Report_03-Jul-2026.docx,"Trade 3A — Momentum-Pullback (fork selected: TRANSITION with short-term bullish impulse → buy the pullback, tight)",Trade 3A,LONG,LIMIT,"Buy limit $4,072.00 (tick 0.01)",02:00,4072.0,4030.0,4110.0,4144.0,4183.0,42.0,BE_0.2R_ON_TP2,TRACE,"3 equal units; U1→TP1, U2→TP2; on U2 fill move U3 stop to entry +0.2R ($8.40). 3A override: on a 100%-extension break, U3 stop to halfway entry↔0% anchor",False,baseline,,
2026-07-06_Trade_1,2026-07-06,Gold_Report_06Jul2026.docx,Trade 1 — Daily Directional (LONG — direction score +0.43),Trade 1,LONG,MARKET,"Market at 07:00 UK (overridden anchor), ref 4,180.06",09:00,4180.06,4095.49,4264.64,4349.21,,84.6,BE_0.2R_ON_TP2,SESSION_CLOSE_TIMESTOP,"3 equal units; U1→TP1, U2→TP2, U3 runner with BE+0.2R trail on U2 fill.",False,baseline,,
2026-07-06_Trade_2,2026-07-06,Gold_Report_06Jul2026.docx,"Trade 2 — Pivot (TRANSITION, breakout side only — LONG)",Trade 2,LONG,STOP,"Stop-entry at 4,209.41 (daily R1) on confirmed break",02:00,4209.41,4136.86,4224.09,4238.76,4281.96,72.6,BE_0.2R_ON_TP2,TRACE,3 equal units; BE+0.2R on U2 fill.,False,baseline,,
2026-07-06_Trade_3C,2026-07-06,Gold_Report_06Jul2026.docx,Trade 3 — Momentum-Breakout 3C (TRANSITION regime),Trade 3C,LONG,CONDITIONAL,"On confirmed daily close above 4,220 (breakout candle close), ref ~4,225",02:00,4225.0,4172.8,4340.0,4430.0,4515.0,52.0,NONE,TRACE,3 equal units; U3 SL to broken boundary on TP2 fill.,False,baseline,,
2026-07-07_Trade_1,2026-07-07,Gold_Report_07Jul2026.docx,Trade 1 - Daily Directional (LONG),Trade 1,LONG,MARKET,,09:00,,,,,,,,,,False,baseline,,
2026-07-07_Trade_2,2026-07-07,Gold_Report_07Jul2026.docx,"Trade 2 - Pivot, TRANSITION (breakout-side only)",Trade 2,LONG,,,09:00,,,,,,,,,,False,baseline,,
2026-07-07_Trade_3C,2026-07-07,Gold_Report_07Jul2026.docx,"Trade 3 - Momentum-Breakout 3C (TRANSITION, armed)",Trade 3C,LONG,CONDITIONAL,,09:00,,,,,,,,,,False,baseline,,
2026-07-09_Trade_1,2026-07-09,Gold_Report_09Jul2026.docx,Trade 1 - Daily Directional (SHORT),Trade 1,SHORT,STOP,"Sell stop at 4,103.00 on confirmed break of daily S1 / lower pivot shelf (order placed at 00:00 UK anchor)",02:00,4103.0,4148.0,4058.0,4013.0,,45.0,BE_0.2R_ON_TP2,SESSION_CLOSE_TIMESTOP,"3 equal units; Unit 1 exits TP1; Unit 2 exits TP2; on Unit 2 fill Unit 3 SL → entry −0.2R (to 4,094.00)",False,baseline,,
2026-07-09_Trade_2,2026-07-09,Gold_Report_09Jul2026.docx,"Trade 2 - Pivot, Range-Aware (SHORT fade of resistance)",Trade 2,SHORT,LIMIT,"Sell limit at 4,178.00 near daily R3 (4,178.20) / below the 4,195–4,202 swing-high supply band",02:00,4178.0,4215.0,4141.0,4119.0,4118.63,37.0,BE_0.2R_ON_TP2,TRACE,"3 equal units; standard rule; on Unit 2 fill Unit 3 SL → entry −0.2R (to 4,170.60)",False,baseline,,
2026-07-09_Trade_3B,2026-07-09,Gold_Report_09Jul2026.docx,"Trade 3B - Mean-Reversion (range fade, regime-driven)",Trade 3B,SHORT,LIMIT,"Primary: sell into 4,195–4,202 swing-high band (mean-reversion short)",02:00,4195.0,4225.0,4118.0,4081.0,4030.0,30.0,NONE,TRACE,3 equal units; 3B structural rule; runner exits on range-floor tag or breakout,False,baseline,,
2026-07-10_Trade_1,2026-07-10,Gold_Report_10_July_2026.docx,Trade 1 - Daily Directional,Trade 1,SHORT,MARKET,,09:00,,,,,,,NONE,,,True,baseline,,
2026-07-10_Trade_2,2026-07-10,Gold_Report_10_July_2026.docx,"Trade 2 - Pivot, regime-aware. TREND_DOWN branch: fade rallies into resistance rather than buy dips into support.",Trade 2,SHORT,LIMIT,"Sell limit at daily R1. Order type: resting sell limit, working from the 07:00 UK anchor through the session. Not a market order - the trade requires price to come to the level.",09:00,4159.33,4216.56,4102.1,4044.88,4090.77,57.23,BE_0.2R_ON_TP2,TRACE,"Three equal units. Unit 1 exits at TP1. Unit 2 exits at TP2. On Unit 2 fill, Unit 3's stop moves to entry minus 0.2R - that is, to 4,147.88 USD/oz (a short's break-even-plus offset sits below entry).",False,baseline,,
2026-07-10_Trade_3A,2026-07-10,Gold_Report_10_July_2026.docx,Trade 3A - Momentum-Pullback. Variant selected by the TREND_DOWN regime fork: sell the retracement of the dominant downswing.,Trade 3A,SHORT,LIMIT,"Sell limit at the 50% fibonacci retracement of the dominant swing (6 July high 4,205.00 -> 8/9 July low 4,022.20). Resting limit order.",02:00,4113.6,4218.88,4057.11,4022.2,3930.8,105.28,BE_0.2R_ON_TP2,TRACE,"Three equal units. Unit 1 exits at TP1. Unit 2 exits at TP2. On Unit 2 fill, Unit 3's stop moves to entry minus 0.2R - that is, to 4,092.55 USD/oz - unless the structural runner override above has already been triggered, in which case the override level governs.",False,baseline,,
2026-07-13_Trade_1,2026-07-13,Gold_Report_13Jul2026.docx,Trade 1 - Daily Directional,Trade 1,n/a,,,,,,,,,,NONE,,,True,baseline,,
2026-07-13_Trade_2,2026-07-13,Gold_Report_13Jul2026.docx,Trade 2 - Pivot (regime-aware); RANGE regime -> fade toward pivot,Trade 2,LONG,LIMIT,"Buy limit 4,085.0 (near daily S1 4,083.6); order type: limit, timing anchored to 00:00 UK reset",02:00,4085.0,4059.0,4110.0,4137.0,4156.0,26.0,BE_0.2R_ON_TP2,TRACE,"3 equal units; U1 exits TP1, U2 exits TP2; on U2 fill, U3 stop → entry ± 0.2R (4,085 ± 5.2)",False,baseline,,
2026-07-13_Trade_3B,2026-07-13,Gold_Report_13Jul2026.docx,Trade 3B - Mean-Reversion (RANGE + KER below trend threshold + flat VOLator slope),Trade 3B,SHORT,LIMIT,"Sell limit 4,146.0 (near daily R1 4,147.3); limit order, 00:00 UK anchor",02:00,4146.0,4174.0,4118.0,4090.0,4068.0,28.0,BE_0.2R_ON_TP2,TRACE,"3 equal units; U1→TP1, U2→TP2; on U2 fill, U3 stop → entry ± 0.2R (4,146 ± 5.6)",False,baseline,,
2026-07-14_Trade_1,2026-07-14,Gold_Report_14Jul2026.docx,"Trade 1 - Daily Directional (SHORT - bearish continuation, below-pivot)",Trade 1,SHORT,MARKET,"Market at 00:00 UK ≈ 4,059.39",02:00,4059.39,4102.0,4016.78,3974.17,,42.61,BE_0.2R_ON_TP2,SESSION_CLOSE_TIMESTOP,"3 equal units; U1 exits TP1; U2 exits TP2; on U2 fill, U3 stop → entry −0.2R (4,050.87)",False,baseline,,
2026-07-14_Trade_2,2026-07-14,Gold_Report_14Jul2026.docx,"Trade 2 - Pivot (regime-aware, RANGE-edge fade)",Trade 2,SHORT,LIMIT,"Sell limit 4,101–4,115 (daily R1 → weekly/monthly P confluence)",02:00,,4132.0,4085.0,4068.0,4052.0,,BE_0.2R_ON_TP2,TRACE,3 equal units; standard tranche rule; on U2 fill U3 stop → entry −0.2R,False,baseline,,
2026-07-14_Trade_3A,2026-07-14,Gold_Report_14Jul2026.docx,Trade 3A - Momentum-Pullback (fork target - SHORT),Trade 3A,SHORT,STOP,"Stop-entry 4,048 on confirmed break of the 4,050 prior-day low",02:00,4048.0,4092.0,4004.0,3960.0,3934.0,44.0,NONE,TRACE,3 equal units; structural runner override on measured-move extension,False,baseline,,
2026-07-15_Trade_1,2026-07-15,Gold_Report_15Jul2026.docx,Trade 1 — Daily Directional,Trade 1,n/a,MARKET,,09:00,,,,,,,NONE,,,True,baseline,,
2026-07-15_Trade_2,2026-07-15,Gold_Report_15Jul2026.docx,"Trade 2 — Pivot, TRANSITION regime (breakout side only)",Trade 2,LONG,CONDITIONAL,"Buy-stop 4,120.3 (Daily R1.5 / Weekly-P 4,114.7 confluence) on a daily close through the cluster + buffer",09:00,4120.3,4008.5,4232.1,4343.9,4294.9,111.8,BE_0.2R_ON_TP2,TRACE,"3 equal units; U1→TP1, U2→TP2; on U2 fill U3 stop → entry +0.2R",False,baseline,,
2026-07-15_Trade_3C,2026-07-15,Gold_Report_15Jul2026.docx,"Trade 3 — Momentum-Breakout (3C, TRANSITION variant)",Trade 3C,n/a,CONDITIONAL,a daily close beyond either boundary by ≥25 USD (0.25×ATR) is required to arm 3C,09:00,,,,,,,NONE,,,True,baseline,,
2026-07-16_Trade_1,2026-07-16,Gold_Report_16Jul2026.docx,TRADE 1 - Daily Directional · SUPPRESSED,Trade 1,LONG,MARKET,"Reference construction (not actionable): LONG @ 4,070.00 — no order wording given; card is suppressed.",02:00,,,,,,,NONE,SESSION_CLOSE_TIMESTOP,Shown for audit transparency only. Do not execute. Trades 2 and 3 below are the actionable cards.,True,baseline,,
2026-07-16_Trade_2,2026-07-16,Gold_Report_16Jul2026.docx,TRADE 2 - Regime-Aware Pivot · ACTIVE (Leg B — LONG from support),Trade 2,LONG,LIMIT,"Entry (limit) 4,007.50 — S1.5 · confluence with published S 4,007.83",02:00,4007.5,3966.13,4048.87,4090.24,4131.61,41.37,BE_0.2R_ON_TP2,TRACE,"3 equal units — U1 at TP1; U2 at TP2; on U2 fill, U3 SL → entry + 0.2 × R = 4,015.77",False,baseline,,
2026-07-16_Trade_3C,2026-07-16,Gold_Report_16Jul2026.docx,TRADE 3 - Regime-Driven Complex · FORK: 3C (Breakout) — downside leg,Trade 3C,SHORT,CONDITIONAL,"Trigger (confirmed daily close): Close < 3,966.13 → entry 3,966.13. Confirmed-break requirement: daily close beyond boundary by ≥ 0.25 × ATR(14) = 19.63.",02:00,3966.13,4044.63,3887.63,3809.13,3730.63,78.5,BE_0.2R_ON_TP2,TRACE,"3 equal units. U1 at TP1 (1 × R); U2 at TP2 (2 × R); on U2 fill, U3 SL → entry ± 0.2 × R (15.70).",False,baseline,,
2026-07-17_Trade_1,2026-07-17,Gold_Report_17Jul2026.docx,Trade 1 — Daily Directional,Trade 1,SHORT,MARKET,"Market at 00:00 UK, 17 July 2026",02:00,3990.0,4025.41,3954.59,3919.19,,35.41,BE_0.2R_ON_TP2,SESSION_CLOSE_TIMESTOP,"3 equal units; Unit 1 exits at TP1; Unit 2 exits at TP2; on Unit 2 fill, Unit 3 stop moves to 3,997.08 (entry + 0.2R).",False,baseline,,
2026-07-17_Trade_2,2026-07-17,Gold_Report_17Jul2026.docx,"Trade 2 — Pivot (regime-aware). TREND_DOWN regime: the fade-to-pivot variant is disabled and the trend-continuation variant is active — the pivot is treated as resistance to sell into, not as a magnet to fade toward.",Trade 2,SHORT,LIMIT,Sell limit at the daily pivot. Requires a retest that has not yet occurred; the trade does not trigger without it.,02:00,4009.78,4061.24,3958.32,3906.86,3862.75,51.46,BE_0.2R_ON_TP2,TRACE,"3 equal units; Unit 1 exits at TP1; Unit 2 exits at TP2; on Unit 2 fill, Unit 3 stop moves to 4,020.07 (entry + 0.2R).",False,baseline,,
2026-07-17_Trade_3A,2026-07-17,Gold_Report_17Jul2026.docx,Trade 3A — Momentum-Pullback. Regime fork: TREND_DOWN selects variant 3A. Qualifying swing found at the default 4-session lookback — no adaptive extension needed.,Trade 3A,SHORT,LIMIT,"Sell limit at the 38.2% retracement of the active down-swing. Requires a pullback of 36.00 from the 3,990.00 close.",02:00,4026.0,4073.78,3973.96,3889.76,3837.72,47.78,BE_0.2R_ON_TP2,TRACE,"3 equal units; Unit 1 exits at TP1; Unit 2 exits at TP2; on Unit 2 fill, Unit 3 stop moves to 4,035.56 (entry + 0.2R). TRADE 3A STRUCTURAL RUNNER OVERRIDE: on a confirmed break of the 100% extension at 3,837.72, the Unit 3 stop moves instead to 3,999.98 — halfway between entry (4,026.00) and the 0% anchor (3,973.96).",False,baseline,,
2026-07-20_Trade_1,2026-07-20,Gold_Report_20Jul2026.docx,"Trade 1 — Daily Directional (SHORT — regime bias bearish, conviction −0.51)",Trade 1,SHORT,MARKET,"Market at 00:00 UK, ≈ USD 4,017.32/oz (daily-open anchor; instance default retained).",02:00,4017.32,4035.3,3999.34,3981.36,,17.98,BE_0.2R_ON_TP2,SESSION_CLOSE_TIMESTOP,3 equal units; Unit 1 at TP1; Unit 2 at TP2; on Unit 2 fill Unit 3 SL → entry −0.2R.,False,baseline,,
2026-07-20_Trade_2,2026-07-20,Gold_Report_20Jul2026.docx,Trade 2 — Pivot (regime-aware),Trade 2,n/a,,,,,,,,,,NONE,,,True,baseline,,
2026-07-20_Trade_3C,2026-07-20,Gold_Report_20Jul2026.docx,Trade 3C — Momentum-Breakout. TRANSITION regime; trades the confirmed break of the 25-session range.,Trade 3C,SHORT,CONDITIONAL,"On confirmed breakdown close, or the following session open.",02:00,,4162.8,3574.0,3390.0,,,NONE,TRACE,3 equal units; structural TPs as above.,False,baseline,,
2026-07-21_Trade_1,2026-07-21,Gold_Report_21Jul2026.docx,"Trade 1 — Daily Directional (SHORT — bearish regime, conviction −0.71)",Trade 1,SHORT,MARKET,"Market at the 21 Jul session open (overridden open anchor) ≈ $4,008 /oz",02:00,4008.0,4050.1,3965.9,3923.8,,42.1,BE_0.2R_ON_TP2,SESSION_CLOSE_TIMESTOP,"3 equal units; U1 exits TP1; U2 exits TP2; on U2 fill, U3 SL → entry −0.2R ($4,016.4)",False,baseline,,
2026-07-21_Trade_2,2026-07-21,Gold_Report_21Jul2026.docx,"Trade 2 — Pivot (regime-aware, TREND branch: sell rallies to resistance)",Trade 2,SHORT,LIMIT,"Sell limit at daily R1 $4,029.20 (+2,090 ticks from spot)",02:00,4029.2,4050.1,4008.3,3987.4,3969.0,20.9,BE_0.2R_ON_TP2,TRACE,"3 equal units; U1→TP1, U2→TP2; on U2 fill U3 SL → entry −0.2R ($4,033.4)",False,baseline,,
2026-07-21_Trade_3A,2026-07-21,Gold_Report_21Jul2026.docx,Trade 3A — Momentum-Pullback (regime = TREND_DOWN → 3A active),Trade 3A,SHORT,LIMIT,"Sell limit at 38.2% retrace of the 16 Jul swing ($4,049→$3,975): $4,003.3… use $4,024.20 (Fri high) fib cluster ≈ $4,020",02:00,4020.0,4049.0,3991.0,3962.0,3944.0,29.0,BE_0.2R_ON_TP2,TRACE,3 equal units; universal tranche rule; 3A runner override on 100%-extension break,False,baseline,,
2026-07-22_Trade_1,2026-07-22,Gold_Report_22Jul2026.docx,Trade 1 — Daily Directional,Trade 1,n/a,,,09:00,,,,,,,NONE,,,True,baseline,,
2026-07-22_Trade_2,2026-07-22,Gold_Report_22Jul2026.docx,Trade 2 — Pivot (RANGE mean-reversion),Trade 2,SHORT,LIMIT,"Sell limit at daily R3 $4,070.88",09:00,4070.88,4131.47,4010.29,3949.7,4013.83,60.59,BE_0.2R_ON_TP2,TRACE,"3 equal units; U1→TP1, U2→TP2; on U2 fill, U3 stop to entry ± 0.2R",False,baseline,,
2026-07-22_Trade_3B,2026-07-22,Gold_Report_22Jul2026.docx,"Trade 3 — Mean-Reversion (3B, RANGE)",Trade 3B,LONG,LIMIT,"Buy limit $4,038.09 (top of the 11.4–21.4% buy zone $3,994–$4,038)",09:00,4038.09,3988.09,4163.54,4338.99,,50.0,BE_0.2R_ON_TP2,TRACE,3 equal units; universal tranche + BE+0.2R management,False,baseline,,
2026-07-23_Trade_1,2026-07-23,Gold_Report_23_Jul_2026.docx,Trade 1 — Daily Directional,Trade 1,LONG,MARKET,market at the 00:00 UK session open,02:00,4151.55,4066.52,4236.58,4321.61,,85.03,BE_0.2R_ON_TP2,SESSION_CLOSE_TIMESTOP,"3 equal units. Unit 1 exits at TP1; Unit 2 exits at TP2; on the Unit 2 fill, the Unit 3 stop moves to entry plus 0.2R, i.e. 4,168.56",False,baseline,,
2026-07-23_Trade_2,2026-07-23,Gold_Report_23_Jul_2026.docx,"Trade 2 — Pivot, TRANSITION regime branch",Trade 2,LONG,LIMIT,buy limit at the daily pivot,02:00,4117.75,4066.52,4168.98,4220.2,4185.9,51.23,BE_0.2R_ON_TP2,TRACE,"3 equal units. Unit 1 exits at TP1; Unit 2 exits at TP2; on the Unit 2 fill, the Unit 3 stop moves to entry plus 0.2R, i.e. 4,128.00",False,baseline,,
2026-07-23_Trade_3A,2026-07-23,Gold_Report_23_Jul_2026.docx,Trade 3A — Momentum-Pullback,Trade 3A,LONG,LIMIT,buy limit at the 38.2% retracement of the anchor swing,02:00,4080.88,4020.0,4141.76,4152.1,4202.81,60.88,BE_0.2R_ON_TP2,TRACE,"3 equal units. Unit 1 exits at TP1; Unit 2 exits at TP2; on the Unit 2 fill, the Unit 3 stop moves to entry plus 0.2R, i.e. 4,093.06. Structural runner override: on a confirmed break of the 100% extension at 4,152.10, the Unit 3 stop moves to the midpoint between entry and the 0% anchor, i.e. 4,116.49",False,baseline,,
2026-07-24_Trade_1,2026-07-24,Gold_Report_24_July_2026.docx,Trade 1 — Daily Directional,Trade 1,SHORT,MARKET,market at 00:00 UK session anchor,02:00,4056.85,4139.61,3974.09,3891.32,,82.76,BE_0.2R_ON_TP2,SESSION_CLOSE_TIMESTOP,"3 equal units; Unit 1 exits at TP1; Unit 2 exits at TP2; on Unit 2 fill, Unit 3 stop moves to entry −0.2R (4,040.30)",False,baseline,,
2026-07-24_Trade_2,2026-07-24,Gold_Report_24_July_2026.docx,"Trade 2 — Pivot (regime-aware, trend branch: fade the counter-trend rally into resistance)",Trade 2,SHORT,LIMIT,sell limit at daily R1. Order rests; fills only on a rally into resistance,02:00,4119.99,4159.24,4080.74,4041.49,4014.86,39.25,BE_0.2R_ON_TP2,TRACE,"3 equal units; Unit 1 exits at TP1; Unit 2 exits at TP2; on Unit 2 fill, Unit 3 stop moves to entry −0.2R (4,112.14)",False,baseline,,
2026-07-24_Trade_3A,2026-07-24,Gold_Report_24_July_2026.docx,Trade 3 — Momentum-Pullback (3A). Variant selected by the trending-bearish regime with efficiency-ratio confirmation,Trade 3A,SHORT,LIMIT,"sell limit at the 50% retracement of the 4,165.00 to 4,036.00 decline",02:00,4100.5,4184.62,4036.0,3971.5,3956.28,84.12,BE_0.2R_ON_TP2,TRACE,"3 equal units; Unit 1 exits at TP1; Unit 2 exits at TP2; on Unit 2 fill, Unit 3 stop moves to entry −0.2R (4,083.68), superseded by the structural override above if the 100% extension breaks first",False,baseline,,
2026-07-27_Trade_1,2026-07-27,Gold_Report_27Jul2026.docx,Trade 1 - Daily Directional,Trade 1,SHORT,,,,,,,,,,NONE,,,True,baseline,,
2026-07-27_Trade_2,2026-07-27,Gold_Report_27Jul2026.docx,Trade 2 - Pivot fade at validated range extreme (Ranging regime).,Trade 2,SHORT,LIMIT,"Sell limit $4,088 (weekly R1 $4,080.2 / daily R1 $4,089.2 confluence). Order type: limit; timing from 00:00 UK reset.",02:00,4088.0,4124.0,4052.0,4023.0,3961.0,36.0,BE_0.2R_ON_TP2,TRACE,"3 equal units; U1 exits TP1, U2 exits TP2; on U2 fill U3 stop → entry −0.2R ($4,081).",False,baseline,,
2026-07-27_Trade_3A,2026-07-27,Gold_Report_27Jul2026.docx,Trade 3A - Momentum-Pullback. RANGE dual-gate fails (VOLator slope +0.01 not ≤ 0) → fork falls through to 3A.,Trade 3A,SHORT,STOP,"Stop-entry $4,020 on a confirmed break below weekly P $4,022.9 (momentum trigger).",02:00,4020.0,4058.0,3982.0,3961.0,3903.0,38.0,BE_0.2R_ON_TP2,TRACE,"3 equal units; U1 TP1, U2 TP2; on U2 fill U3 stop → entry −0.2R ($4,028). 3A override: on the $3,961 break, stop → halfway entry-to-anchor.",False,baseline,,
2026-07-28_Trade_1,2026-07-28,Gold_Report_28Jul2026.docx,Trade 1 - Daily Directional (LONG),Trade 1,LONG,MARKET,"Market at 00:00 UK, 28 Jul",02:00,4077.0,4035.2,4118.8,4160.6,,41.8,BE_0.2R_ON_TP2,SESSION_CLOSE_TIMESTOP,"3 equal units; U1→TP1, U2→TP2; on U2 fill U3 SL → entry +0.2R",False,baseline,,
2026-07-28_Trade_2,2026-07-28,Gold_Report_28Jul2026.docx,"Trade 2 - TRANSITION: breakout-side only (upside), aligned with the 3C long thesis",Trade 2,LONG,STOP,"Stop/limit at $4,055.47",02:00,4055.47,4028.35,4083.23,4098.26,4113.28,27.12,NONE,TRACE,,False,baseline,,
2026-07-28_Trade_3C,2026-07-28,Gold_Report_28Jul2026.docx,Trade 3C - post-consolidation upside breakout of the 25-session range,Trade 3C,LONG,CONDITIONAL,"$4,183.84 on the confirming close (requires a daily close above $4,183.84)",02:00,4183.84,3795.15,4783.74,5092.67,,388.69,NONE,TRACE,,False,baseline,,
2026-07-29_Trade_1,2026-07-29,Gold_Report_29Jul2026.docx,Trade 1 - Daily Directional (SHORT),Trade 1,SHORT,MARKET,"Market at 00:00 UK open, 29 Jul (indicative ~$4,030)",02:00,4030.0,4097.0,3963.0,3896.0,,67.0,BE_0.2R_ON_TP2,SESSION_CLOSE_TIMESTOP,"3 equal units; U1→TP1, U2→TP2; on U2 fill U3 SL → entry −0.2R",False,baseline,,
2026-07-29_Trade_2,2026-07-29,Gold_Report_29Jul2026.docx,"Trade 2 - Pivot, regime-aware (TRANSITION → breakout side only)",Trade 2,SHORT,STOP,"Sell-stop on confirmed break of weekly S1 $3,982 by ≥0.25×ATR ($18) → trigger ~$3,964",02:00,3964.0,4036.0,3912.0,3858.0,3841.0,72.0,BE_0.2R_ON_TP2,TRACE,3 equal units; standard BE+0.2R on U2 fill,False,baseline,,
2026-07-29_Trade_3C,2026-07-29,Gold_Report_29Jul2026.docx,Trade 3C - Momentum-Breakout (TRANSITION),Trade 3C,SHORT,CONDITIONAL,At breakout candle close (or next open) once confirmed,02:00,3926.0,4099.0,3686.0,3556.0,,,NONE,TRACE,"TP2 1.5×MM → $3,556. On fill, U3 SL → broken boundary $3,944",False,baseline,,
2026-07-30_Trade_1,2026-07-30,Gold_Report_30-Jul-2026.docx,Trade 1 — Daily Directional (SHORT),Trade 1,SHORT,MARKET,"Market at 07:00 UK, 30 Jul ≈ $4,035.00 (indicative open anchor)",09:00,4035.0,4077.45,3992.55,3950.1,3837.63,42.45,BE_0.2R_ON_TP2,SESSION_CLOSE_TIMESTOP,"3 equal units; U1 at TP1, U2 at TP2, U3 runner with BE+0.2R trail on U2 fill",False,baseline,,
2026-07-30_Trade_2,2026-07-30,Gold_Report_30-Jul-2026.docx,"Trade 2 — Pivot, TRANSITION (breakout-side only)",Trade 2,SHORT,STOP,"Sell-stop at $3,943.55 — on confirmed break below the 25-session floor $3,960.00",02:00,3943.55,3995.8,3891.3,3839.06,4054.17,52.25,NONE,TRACE,,False,baseline,,
2026-07-30_Trade_3C,2026-07-30,Gold_Report_30-Jul-2026.docx,"Trade 3C — Momentum-Breakout (TRANSITION, downside)",Trade 3C,SHORT,CONDITIONAL,At breakout-candle close / next open once confirmed,02:00,,4174.8,3602.0,3423.0,,231.25,NONE,TRACE,on fill U3 SL → broken boundary,False,baseline,,
2026-07-31_Trade_1,2026-07-31,Gold_Report_31Jul2026.docx,"Trade 1 — Daily Directional (long bias, override-produced)",Trade 1,LONG,MARKET,Market at 07:00 UK (overridden anchor),09:00,4066.0,3995.0,4137.0,4208.0,,71.0,BE_0.2R_ON_TP2,SESSION_CLOSE_TIMESTOP,"3 equal units; U1→TP1, U2→TP2; on U2 fill U3 SL→entry+0.2R",False,baseline,,
2026-07-31_Trade_2,2026-07-31,Gold_Report_31Jul2026.docx,"Trade 2 — Pivot, regime-aware (TRANSITION → breakout side)",Trade 2,LONG,STOP,"Buy stop at $4,074 = P + 0.10×(R1−P)",02:00,4074.0,4029.0,4117.0,4142.0,4168.0,45.0,BE_0.2R_ON_TP2,TRACE,3 equal units; universal BE+0.2R on U2 fill,False,baseline,,
2026-07-31_Trade_3C,2026-07-31,Gold_Report_31Jul2026.docx,"Trade 3 — Momentum-Breakout (3C, TRANSITION regime)",Trade 3C,LONG,CONDITIONAL,"At breakout candle close beyond $4,406, or next session open",02:00,4406.0,4119.0,4821.0,5040.0,,,NONE,TRACE,"On fill, U3 SL → broken boundary $4,383",False,baseline,,
