asset,US500
date,2026-07-17
n_prior_sessions,77
last_bar_date,2026-07-16
prev_close_full,7526.2
prev_open_full,7573.3
prev_high_full,7589.5
prev_low_full,7506.0
atr14_full,78.4714
rsi2_full,35.0975
d_full_P,7540.5667
d_full_R1,7575.1333
d_full_S1,7491.6333
d_full_R2,7624.0667
d_full_S2,7457.0667
d_full_R3,7658.6333
d_full_S3,7408.1333
prev_open_cash,7554.0
prev_high_cash,7572.2
prev_low_cash,7506.0
prev_close_cash,7536.2
atr14_cash,70.3
rsi2_cash,42.1779
d_cash_P,7538.1333
d_cash_R1,7570.2667
d_cash_S1,7504.0667
d_cash_R2,7604.3333
d_cash_S2,7471.9333
d_cash_R3,7636.4667
d_cash_S3,7437.8667
w_full_period,2026-W28
w_full_P,7526.7667
w_full_R1,7633.0333
w_full_S1,7473.6333
w_full_R2,7686.1667
w_full_S2,7367.3667
w_full_R3,7792.4333
w_full_S3,7314.2333
w_cash_period,2026-W28
w_cash_P,7524.9333
w_cash_R1,7628.7667
w_cash_S1,7470.3667
w_cash_R2,7683.3333
w_cash_S2,7366.5333
w_cash_R3,7787.1667
w_cash_S3,7311.9667
m_full_period,2026-06
m_full_P,7447.0333
m_full_R1,7664.7667
m_full_S1,7269.4667
m_full_R2,7842.3333
m_full_S2,7051.7333
m_full_R3,8060.0667
m_full_S3,6874.1667
m_cash_period,2026-06
m_cash_P,7453.6667
m_cash_R1,7664.2333
m_cash_S1,7282.7333
m_cash_R2,7835.1667
m_cash_S2,7072.1667
m_cash_R3,8045.7333
m_cash_S3,6901.2333
swing_high_5d_full,7589.5
swing_low_5d_full,7488.4
swing_high_25d_full,7589.5
swing_low_25d_full,7300.2
swing_high_5d_cash,7582.8
swing_low_5d_cash,7505.6
swing_high_25d_cash,7583.4
swing_low_25d_cash,7303.1
