card_id,report_date,report_file,strategy,family,direction,entry_mode,entry_mode_text,anchor_broker,entry,stop,tp1,tp2,tp3,card_R_points,be_rule,runner_rule,management_text,suppressed,source
2026-05-11_Trade_1,2026-05-11,SP500_Report_11May2026__2_.docx,Trade 1 - Daily Directional,Trade 1,LONG,MARKET,MARKET @ 00:00 UK,02:00,7398.93,7321.2,7476.66,7554.39,7626.93,77.73,BE_0.2R_ON_TP2,SESSION_CLOSE_TIMESTOP,3 units; Unit3 SL->entry+0.2R (7414.47) on TP2 fill; runner CARD-SPECIFIED time-stop at entry-session close or 3xATR cap,False,baseline
2026-05-11_Trade_2,2026-05-11,SP500_Report_11May2026__2_.docx,Trade 2 - Pivot pullback (buy daily-S1),Trade 2,LONG,LIMIT,BUY LIMIT,09:00,7358.92,7318.91,7380.21,7420.22,7441.51,40.01,BE_0.2R_ON_TP2,TRACE,3 units; Unit3 SL->entry+0.2R (7366.92) on TP2 fill; runner trails to daily R3 7481.52 on close-through R2,False,baseline
2026-05-11_Trade_3A,2026-05-11,SP500_Report_11May2026__2_.docx,Trade 3A - Momentum-Pullback (38.2% fib),Trade 3A,LONG,LIMIT,BUY LIMIT,09:00,7316.24,7258.56,7373.91,7401.5,7486.76,57.68,NONE,TRACE,3 units; structural runner SL pull to 7247.27 on close-through 100% ext,False,baseline
2026-05-12_Trade_1,2026-05-12,SP500_Report_12May2026.docx,Trade 1 - Daily Directional,Trade 1,LONG,MARKET,MARKET @ 07:00 UK,09:00,7412.8,7344.0,7481.6,7550.4,7575.0,68.8,BE_0.2R_ON_TP2,SESSION_CLOSE_TIMESTOP,3 units; Unit3 SL->entry+0.2R (7426.6) on TP2 fill; runner CARD-SPECIFIED time-stop at 12 May session close or 3xATR cap 7575,False,baseline
2026-05-12_Trade_2,2026-05-12,SP500_Report_12May2026.docx,"Trade 2 - Pivot (TREND_UP pullback, buy daily P)",Trade 2,LONG,LIMIT,BUY LIMIT,09:00,7378.0,7344.0,7412.0,7446.0,7460.9,34.0,BE_0.2R_ON_TP2,TRACE,"3 units; Unit3 SL->entry+0.2R (7384.8) on TP2 fill; runner exits on first daily close below daily P 7378, capped at weekly R2 7460.9",False,baseline
2026-05-12_Trade_3A,2026-05-12,SP500_Report_12May2026.docx,Trade 3A - Momentum-Pullback (38.2% fib),Trade 3A,LONG,LIMIT,BUY LIMIT,09:00,7362.0,7310.0,7381.9,7429.0,7626.0,52.0,BE_0.2R_ON_TP2,TRACE,3 units; Unit3 SL->entry+0.2R (7372.4) on TP2 fill; structural override to 7395.5 only on 100%-ext break,False,baseline
2026-05-13_Trade_1,2026-05-13,SP500_Daily_Report_13May2026.docx,Trade 1 - Daily Directional,Trade 1,,MARKET,,09:00,,,,,,,NONE,TRACE,,True,baseline
2026-05-13_Trade_2,2026-05-13,SP500_Daily_Report_13May2026.docx,"Trade 2 - Pivot (TREND breakout, buy stop)",Trade 2,LONG,STOP,BUY STOP,09:00,7385.06,7363.09,7423.12,7434.21,7445.29,21.97,BE_0.2R_ON_TP2,TRACE,3 units; Unit3 SL->entry+0.2R (7389.46) on TP2 fill; runner trails toward prior ATH 7428.97 / weekly R1 ~7468,False,baseline
2026-05-13_Trade_3C,2026-05-13,SP500_Daily_Report_13May2026.docx,Trade 3C - Momentum-Breakout (buy stop),Trade 3C,LONG,STOP,BUY STOP,09:00,7432.0,7335.0,7529.0,7626.0,7606.0,97.0,BE_0.2R_ON_TP2,SESSION_CLOSE_TIMESTOP,3 units; Unit3 SL->entry+0.2R (7451.40) on TP2 fill; runner CARD-SPECIFIED time-stop at session close + 3xATR cap,False,baseline
2026-05-14_Trade_1,2026-05-14,SP500_Report_14May2026.docx,Trade 1 - Daily Directional,Trade 1,,MARKET,,09:00,,,,,,,NONE,TRACE,,True,baseline
2026-05-14_Trade_2,2026-05-14,SP500_Report_14May2026.docx,Trade 2 - Pivot (buy limit weekly P),Trade 2,LONG,LIMIT,BUY LIMIT,09:00,7402.0,7367.0,7437.0,7472.0,7540.0,35.0,BE_0.2R_ON_TP2,SESSION_CLOSE_TIMESTOP,3 units; Unit3 SL->entry+0.2R (7409) on TP2 fill; runner time-stop at session close,False,baseline
2026-05-14_Trade_3A,2026-05-14,SP500_Report_14May2026.docx,Trade 3A - Momentum-Pullback (38.2% fib),Trade 3A,LONG,LIMIT,BUY LIMIT,09:00,7422.0,7378.0,7449.0,7495.0,7540.0,44.0,BE_0.2R_ON_TP2,TRACE,3 units; Unit3 SL->entry+0.2R (7431) on TP2 fill; structural override to 7400 only on break above 7520,False,baseline
2026-05-15_Trade_1,2026-05-15,SP500_Daily_Report_15_May_2026.docx,Trade 1 - Daily Directional,Trade 1,LONG,MARKET,MARKET @ 13:30 UK,15:30,7501.59,7453.59,7549.59,7597.59,7681.59,48.0,BE_0.2R_ON_TP2,SESSION_CLOSE_TIMESTOP,3 units; Unit3 SL->entry+0.2R (7511.19) on TP2 fill; runner time-stop at NY close 15 May,False,baseline
2026-05-15_Trade_2,2026-05-15,SP500_Daily_Report_15_May_2026.docx,"Trade 2 - Pivot (TREND breakout, buy stop)",Trade 2,LONG,STOP,BUY STOP,09:00,7485.68,7461.74,7525.66,7549.73,,23.94,BE_0.2R_ON_TP2,SESSION_CLOSE_TIMESTOP,3 units; Unit3 SL->entry+0.2R (7490.47) on TP2 fill; runner time-stop at NY close,False,baseline
2026-05-15_Trade_3C,2026-05-15,SP500_Daily_Report_15_May_2026.docx,Trade 3C - Momentum-Breakout (buy stop),Trade 3C,LONG,STOP,BUY STOP (on confirmed daily close > 7505.30),09:00,7510.0,7425.0,7595.0,7680.0,,85.0,BE_0.2R_ON_TP2,SESSION_CLOSE_TIMESTOP,3 units; Unit3 SL->entry+0.2R (7527) on TP2 fill; runner time-stop at 22 May NY close,False,baseline
2026-05-18_Trade_1,2026-05-18,SP500_Daily_18May2026.docx,Trade 1 - Daily Directional,Trade 1,SHORT,MARKET,MARKET @ overridden daily-open anchor,02:00,7457.31,7466.1,7448.52,7439.73,7322.31,8.79,BE_0.2R_ON_TP2,SESSION_CLOSE_TIMESTOP,3 units; Unit3 SL->entry-0.2R (7459.07) on TP2 fill; runner CARD-SPECIFIED time-stop at session close / 3xATR cap,False,baseline
2026-05-18_Trade_2,2026-05-18,SP500_Daily_18May2026.docx,Trade 2 - Pivot fade (sell limit daily R1),Trade 2,SHORT,LIMIT,SELL LIMIT,09:00,7443.07,7482.13,7404.0,7420.28,7385.72,39.07,BE_0.2R_ON_TP2,SESSION_CLOSE_TIMESTOP,3 units; Unit3 SL->entry-0.2R (7435.25) on TP2 fill; runner exits on P touch / S1 close / session close,False,baseline
2026-05-18_Trade_3C,2026-05-18,SP500_Daily_18May2026.docx,"Trade 3C - Transition Breakout (sell stop, conditional)",Trade 3C,SHORT,STOP,"SELL STOP on confirmed daily close < 7386.25, executed next open",09:00,7386.25,7459.35,7326.23,7229.13,7186.39,73.1,BE_0.2R_ON_TP2,TRACE,3 units; Unit3 SL->entry-0.2R (7371.63) on TP2 fill,False,baseline
2026-05-19_Trade_1,2026-05-19,SP500_Daily_Report_19May2026.docx,Trade 1 - Daily Directional (mean-reversion),Trade 1,LONG,MARKET,"PENDING MARKET-BUY set 00:00 UK, activates NY cash open 14:30 UK",02:00,7403.05,7335.0,7434.0,7490.0,7573.0,68.05,BE_0.2R_ON_TP2,TRACE,3 units; Unit3 trails to entry+0.2R (7416.65) on TP2 fill,False,baseline
2026-05-19_Trade_2,2026-05-19,SP500_Daily_Report_19May2026.docx,Trade 2 - Pivot (buy limit daily S1),Trade 2,LONG,LIMIT,BUY LIMIT,09:00,7371.85,7348.0,7403.0,7434.0,7490.0,23.85,BE_0.2R_ON_TP2,TRACE,3 units; Unit3 trails to entry+0.2R on TP2 fill,False,baseline
2026-05-19_Trade_3A,2026-05-19,SP500_Daily_Report_19May2026.docx,Trade 3A - Momentum-Pullback (layered fib limits),Trade 3A,LONG,LIMIT,BUY LIMIT (layered 7444.43 / 7427.32),09:00,7435.5,7360.0,7490.0,7517.0,7573.0,75.5,NONE,TRACE,3 units; on Unit 2 fill Unit 3 stop pulls to entry (supersedes +0.2R),False,baseline
2026-05-20_Trade_1,2026-05-20,SP500_Daily_Report_20May2026.docx,Trade 1 - Daily Directional,Trade 1,,MARKET,,09:00,,,,,,,NONE,TRACE,,True,baseline
2026-05-20_Trade_2,2026-05-20,SP500_Daily_Report_20May2026.docx,Trade 2 - Pivot (weekly TREND breakout),Trade 2,LONG,STOP,BUY STOP from 14:30 UK cash open,16:30,7442.17,7372.92,7488.61,7528.67,7568.73,69.25,BE_0.2R_ON_TP2,SESSION_CLOSE_TIMESTOP,3 units; Unit3 SL->entry+0.2R (7456.02) on TP2 fill; runner CARD-SPECIFIED exit at session close + 3xATR cap,False,baseline
2026-05-20_Trade_3A,2026-05-20,SP500_Daily_Report_20May2026.docx,Trade 3A - Momentum-Pullback (demand-zone retest),Trade 3A,LONG,LIMIT,BUY LIMIT,09:00,7360.0,7325.0,7395.0,7433.31,7453.09,35.0,BE_0.2R_ON_TP2,TRACE,3 units; Unit3 SL->entry+0.2R (7367) on TP2 fill; override to ATH retest on 100% ext,False,baseline
2026-05-21_Trade_1,2026-05-21,SP500_Report_21May2026.docx,Trade 1 - Daily Directional,Trade 1,LONG,MARKET,MARKET @ overridden daily-open anchor (proxy = 20 May RTH close),02:00,7432.97,7326.24,7539.7,7646.43,7612.49,106.73,BE_0.2R_ON_TP2,SESSION_CLOSE_TIMESTOP,3 units; Unit3 SL->entry+0.2R (7454.32) on TP2 fill; runner CARD-SPECIFIED time-stop at session close / 3xATR cap,False,baseline
2026-05-21_Trade_2,2026-05-21,SP500_Report_21May2026.docx,Trade 2 - Pivot (TRANSITION breakout side),Trade 2,LONG,STOP,BUY STOP,09:00,7442.42,7375.01,7486.61,7525.67,7564.73,67.41,BE_0.2R_ON_TP2,TRACE,3 units; Unit3 SL->entry+0.2R (7455.90) on TP2 fill,False,baseline
2026-05-21_Trade_3C,2026-05-21,SP500_Report_21May2026.docx,Trade 3C - Range Breakout (conditional),Trade 3C,LONG,CONDITIONAL,"CONDITIONAL - daily close above 7515.81, enter at that close",09:00,7515.81,7225.11,7960.42,8190.21,,290.7,NONE,TRACE,3 units; on Unit 2 fill Unit 3 stop moves to the broken boundary 7500.85,False,baseline
2026-05-22_Trade_1,2026-05-22,SP500_Report_22May2026.docx,Trade 1 - Daily Directional,Trade 1,,MARKET,,09:00,,,,,,,NONE,TRACE,,True,baseline
2026-05-22_Trade_2,2026-05-22,SP500_Report_22May2026.docx,Trade 2 - Pivot (TRANSITION breakout side),Trade 2,LONG,STOP,BUY STOP,09:00,7415.0,7355.0,7437.0,7475.0,7501.0,60.0,BE_0.2R_ON_TP2,TRACE,"3 units; Unit3 SL->entry+0.2R (7427) on TP2 fill; runner toward ~7501, trails prior-day low",False,baseline
2026-05-22_Trade_3C,2026-05-22,SP500_Report_22May2026.docx,Trade 3C - Momentum-Breakout (conditional),Trade 3C,LONG,CONDITIONAL,"CONDITIONAL - daily close above ~7539, enter at that close",09:00,7539.0,7193.0,8057.0,8327.0,,346.0,NONE,TRACE,3 units; on Unit 2 fill Unit 3 stop moves to the broken boundary ~7517,False,baseline
2026-05-25_Trade_1,2026-05-25,SP500_Daily_Report_25May2026.docx,Trade 1 - Daily Directional,Trade 1,LONG,MARKET,MARKET @ 07:00 UK on 26 May (post-holiday open),09:00,7473.47,7403.3,7543.64,7613.81,7689.0,70.17,BE_0.2R_ON_TP2,SESSION_CLOSE_TIMESTOP,3 units; Unit3 SL->entry+0.2R (7487.51) on TP2 fill; runner CARD-SPECIFIED time-stop at session close / 3xATR cap,False,baseline
2026-05-25_Trade_2,2026-05-25,SP500_Daily_Report_25May2026.docx,"Trade 2 - Pivot (TREND breakout, buy stop)",Trade 2,LONG,STOP,BUY STOP,09:00,7447.53,7426.43,7468.98,7480.61,7492.24,21.1,BE_0.2R_ON_TP2,TRACE,3 units; Unit3 SL->entry+0.2R (7451.75) on TP2 fill,False,baseline
2026-05-25_Trade_3A,2026-05-25,SP500_Daily_Report_25May2026.docx,Trade 3A - Momentum-Pullback (57.5% fib),Trade 3A,LONG,LIMIT,BUY LIMIT,09:00,7400.82,7320.9,7428.94,7484.6,7630.3,79.9,BE_0.2R_ON_TP2,TRACE,3 units; Unit3 SL->entry+0.2R (7416.80) on TP2; structural override to 7442.71 on 100%-ext print,False,baseline
2026-05-26_Trade_1,2026-05-26,SP500_Report_26May2026.docx,Trade 1 - Daily Directional,Trade 1,LONG,MARKET,MARKET @ 00:00 UK,02:00,7473.47,7397.96,7548.98,7624.5,7757.0,76.0,BE_0.2R_ON_TP2,SESSION_CLOSE_TIMESTOP,3 units; Unit3 SL->entry+0.2R (7488.57) on TP2 fill; runner CARD-SPECIFIED time-stop at session close / 3xATR cap,False,baseline
2026-05-26_Trade_2,2026-05-26,SP500_Report_26May2026.docx,"Trade 2 - Pivot (TRANSITION breakout, buy stop)",Trade 2,LONG,STOP,BUY STOP,09:00,7448.3,7426.33,7470.15,7482.36,7494.57,22.0,BE_0.2R_ON_TP2,TRACE,3 units; Unit3 SL->entry+0.2R on TP2 fill,False,baseline
2026-05-26_Trade_3C,2026-05-26,SP500_Report_26May2026.docx,Trade 3C - Range Breakout (conditional),Trade 3C,LONG,CONDITIONAL,CONDITIONAL - daily close above ~7574.60,09:00,7574.6,7160.29,8202.09,8527.65,,414.31,NONE,TRACE,3 units; on Unit 2 fill Unit 3 stop moves to the broken boundary 7550.96,False,baseline
2026-05-27_Trade_1,2026-05-27,SP500_Report_27-May-2026.docx,Trade 1 - Daily Directional,Trade 1,LONG,MARKET,MARKET @ next regular cash session open (14:30 UK),16:30,7519.12,7330.35,7707.89,7896.66,7694.93,188.8,BE_0.2R_ON_TP2,SESSION_CLOSE_TIMESTOP,3 units; Unit3 SL->entry+0.2R (7556.88) on TP2 fill; runner CARD-SPECIFIED time-stop at session close / 3xATR cap,False,baseline
2026-05-27_Trade_2,2026-05-27,SP500_Report_27-May-2026.docx,Trade 2 - Pivot (TREND_UP),Trade 2,LONG,LIMIT,BUY LIMIT,09:00,7451.26,7389.82,7538.19,7570.56,7602.92,61.4,BE_0.2R_ON_TP2,TRACE,3 units; Unit3 SL->entry+0.2R (7463.55) on TP2 fill,False,baseline
2026-05-27_Trade_3A,2026-05-27,SP500_Report_27-May-2026.docx,Trade 3A - Momentum-Pullback (57.5% fib),Trade 3A,LONG,LIMIT,BUY LIMIT,09:00,7421.5,7330.35,7456.24,7525.0,7705.0,91.2,NONE,TRACE,3 units; structural runner override to 7473.25 on 100%-ext break,False,baseline
2026-05-28_Trade_1,2026-05-28,SP500_Daily_Report_28May2026.docx,Trade 1 - Daily Directional,Trade 1,LONG,MARKET,MARKET @ 07:00 UK European open,09:00,7519.0,7471.2,7548.41,7575.81,7616.3,47.8,BE_ON_TP1,TRACE,3 units; BE on TP1 (NOT TP2); Unit3 trails 0.2R from each new HOD after TP2,False,baseline
2026-05-28_Trade_2,2026-05-28,SP500_Daily_Report_28May2026.docx,Trade 2 - Pivot (daily P / weekly R1 retest),Trade 2,LONG,LIMIT,BUY LIMIT,09:00,7510.0,7479.0,7545.56,7577.69,7606.21,31.0,BE_ON_TP1,TRACE,3 units; BE on TP1; runner trails 0.2R on TP2,False,baseline
2026-05-28_Trade_3A,2026-05-28,SP500_Daily_Report_28May2026.docx,Trade 3A - Momentum-Pullback,Trade 3A,LONG,LIMIT,BUY LIMIT,09:00,7495.0,7471.0,7539.09,7567.0,7597.0,24.0,NONE,TRACE,3 units; Unit3 stop to entry+1R per the 3A structural runner rule,False,baseline
2026-05-29_Trade_1,2026-05-29,SP500_Report_29May2026.docx,Trade 1 - Daily Directional,Trade 1,LONG,LIMIT,BUY LIMIT,09:00,7535.0,7495.0,7575.0,7615.0,7655.0,40.0,BE_0.2R_ON_TP2,SESSION_CLOSE_TIMESTOP,3 units; Unit3 SL->entry+0.2R (7543) on TP2 fill; runner CARD-SPECIFIED time-stop at session close / 3xATR cap,False,baseline
2026-05-29_Trade_2,2026-05-29,SP500_Report_29May2026.docx,Trade 2 - Pivot (buy limit daily P),Trade 2,LONG,LIMIT,BUY LIMIT,09:00,7551.0,7517.0,7585.0,7619.0,7670.0,34.0,BE_0.2R_ON_TP2,TRACE,3 units; Unit3 SL->entry+0.2R (7558) on TP2 fill; runner exit at weekly P re-test,False,baseline
2026-05-29_Trade_3A,2026-05-29,SP500_Report_29May2026.docx,Trade 3A - Momentum-Pullback (breakout stop),Trade 3A,LONG,STOP,BUY STOP,09:00,7572.0,7528.0,7616.0,7660.0,7750.0,44.0,NONE,TRACE,3 units; 3A structural runner override active,False,baseline
2026-06-01_Trade_1,2026-06-01,SP500_Report_2026-06-01.docx,Trade 1 - Daily Directional (breakout stop),Trade 1,LONG,STOP,BUY STOP,09:00,7599.5,7562.6,7636.5,7673.5,7715.5,36.9,BE_0.2R_ON_TP2,SESSION_CLOSE_TIMESTOP,3 units; Unit3 SL->entry+0.2R on TP2 fill; runner CARD-SPECIFIED time-stop at cash close / 3xATR cap,False,baseline
2026-06-01_Trade_2,2026-06-01,SP500_Report_2026-06-01.docx,Trade 2 - Pivot (buy limit daily P),Trade 2,LONG,LIMIT,BUY LIMIT,09:00,7581.0,7545.2,7617.0,7653.0,7670.0,35.8,BE_0.2R_ON_TP2,SESSION_CLOSE_TIMESTOP,3 units; Unit3 SL->entry+0.2R on TP2 fill; runner exit on pivot P re-cross or session close,False,baseline
2026-06-01_Trade_3A,2026-06-01,SP500_Report_2026-06-01.docx,Trade 3A - Momentum-Pullback (38.2% fib),Trade 3A,LONG,LIMIT,BUY LIMIT,09:00,7538.0,7520.0,7580.0,7599.0,7690.0,18.0,NONE,TRACE,3 units; 3A structural runner override on 100%-ext break,False,baseline
2026-06-02_Trade_1,2026-06-02,SP500_Report_02Jun2026.docx,Trade 1 - Daily Directional,Trade 1,LONG,MARKET,MARKET @ 00:00 UK,02:00,7599.96,7551.51,7648.41,7696.87,7737.87,48.45,BE_0.2R_ON_TP2,SESSION_CLOSE_TIMESTOP,3 units; Unit3 SL->entry+0.2R on TP2 fill; runner CARD-SPECIFIED exit at session close + 3xATR cap,False,baseline
2026-06-02_Trade_2,2026-06-02,SP500_Report_02Jun2026.docx,Trade 2 - Pivot (buy limit daily P),Trade 2,LONG,LIMIT,BUY LIMIT,09:00,7580.81,7550.76,7610.86,7640.92,7598.63,30.05,BE_0.2R_ON_TP2,TRACE,3 units; Unit3 SL->entry+0.2R on TP2 fill; runner exit at daily R1 7598.63,False,baseline
2026-06-02_Trade_3A,2026-06-02,SP500_Report_02Jun2026.docx,Trade 3A - Momentum-Pullback (38.2% fib),Trade 3A,LONG,LIMIT,BUY LIMIT,09:00,7552.5,7525.28,7603.44,7639.71,7700.0,27.22,NONE,TRACE,3 units; 3A structural runner override on 100%-ext break,False,baseline
2026-06-03_Trade_1,2026-06-03,SP500_Daily_Report_2026-06-03.docx,Trade 1 - Daily Directional,Trade 1,LONG,MARKET,MARKET @ 00:00 UK,02:00,7585.5,7499.14,7671.86,7758.22,7784.79,86.36,BE_0.2R_ON_TP2,SESSION_CLOSE_TIMESTOP,3 units; Unit3 SL->entry+0.2R on TP2 fill; runner CARD-SPECIFIED session-close time-stop + 3xATR cap,False,baseline
2026-06-03_Trade_2,2026-06-03,SP500_Daily_Report_2026-06-03.docx,Trade 2 - Pivot (buy limit daily P),Trade 2,LONG,LIMIT,BUY LIMIT,09:00,7601.28,7557.81,7619.58,7639.19,7657.49,43.47,BE_0.2R_ON_TP2,TRACE,3 units; Unit3 SL->entry+0.2R on TP2 fill,False,baseline
2026-06-03_Trade_3A,2026-06-03,SP500_Daily_Report_2026-06-03.docx,Trade 3A - Momentum-Pullback (38.2% fib),Trade 3A,LONG,LIMIT,BUY LIMIT,09:00,7573.68,7484.0,7620.9,7744.51,7850.0,89.68,NONE,TRACE,3 units; 3A structural runner override on 100%-ext break,False,baseline
2026-06-04_Trade_1,2026-06-04,SP500_Report_04Jun2026.docx,Trade 1 - Daily Directional,Trade 1,LONG,MARKET,MARKET @ 00:00 UK (overridden anchor),02:00,7609.78,7573.71,7645.85,7681.92,7783.78,36.07,BE_0.2R_ON_TP2,SESSION_CLOSE_TIMESTOP,3 units; Unit3 SL->entry+0.2R on TP2 fill; runner session-close time-stop / 3xATR cap,False,baseline
2026-06-04_Trade_2,2026-06-04,SP500_Report_04Jun2026.docx,Trade 2 - Pivot (TREND_UP breakout),Trade 2,LONG,STOP,BUY STOP,09:00,7606.72,7591.48,7626.12,7634.3,7642.47,15.24,BE_0.2R_ON_TP2,TRACE,3 units; Unit3 SL->entry+0.2R on TP2 fill; runner toward R2,False,baseline
2026-06-04_Trade_3A,2026-06-04,SP500_Report_04Jun2026.docx,Trade 3A - Momentum-Pullback (57.5% fib),Trade 3A,LONG,LIMIT,BUY LIMIT,09:00,7554.26,7490.5,7576.63,7620.9,7736.8,63.76,BE_0.2R_ON_TP2,TRACE,3 units; Unit3 SL->entry+0.2R (7567.01) on TP2 fill; 3A structural runner override on 100%-ext break,False,baseline
2026-06-05_Trade_1,2026-06-05,SP500_Report_05Jun2026.docx,Trade 1 - Daily Directional,Trade 1,,MARKET,,09:00,,,,,,,NONE,TRACE,,True,baseline
2026-06-05_Trade_2,2026-06-05,SP500_Report_05Jun2026.docx,Trade 2 - Pivot (buy limit daily P),Trade 2,LONG,LIMIT,BUY LIMIT,09:00,7570.0,7512.0,7589.0,7624.0,7650.0,58.0,BE_0.2R_ON_TP2,TRACE,3 units; Unit3 SL->entry+0.2R on TP2 fill; runner trails to daily P,False,baseline
2026-06-05_Trade_3A,2026-06-05,SP500_Report_05Jun2026.docx,Trade 3A - Momentum-Pullback (breakout stop),Trade 3A,LONG,STOP,BUY STOP,09:00,7593.0,7548.0,7621.0,7643.0,7697.0,45.0,BE_0.2R_ON_TP2,TRACE,3 units; Unit3 SL->entry+0.2R (7602) on TP2 fill,False,baseline
2026-06-08_Trade_1,2026-06-08,SP500_Report_08-Jun-2026.docx,Trade 1 - Daily Directional,Trade 1,SHORT,MARKET,MARKET @ cash open 14:30 UK,16:30,7384.0,7475.0,7293.0,7202.0,7105.0,91.0,BE_0.2R_ON_TP2,SESSION_CLOSE_TIMESTOP,3 units; Unit3 SL->entry-0.2R on TP2 fill; runner CARD-SPECIFIED time-stop at session close + 3xATR cap,False,baseline
2026-06-08_Trade_3A,2026-06-08,SP500_Report_08-Jun-2026.docx,Trade 3A - Momentum-Pullback (sell limit weekly S2),Trade 3A,SHORT,LIMIT,SELL LIMIT,09:00,7460.0,7565.0,7384.0,7343.0,7105.0,105.0,BE_0.2R_ON_TP2,TRACE,3 units; Unit3 SL->entry-0.2R (7439) on TP2 fill; structural runner override on breakdown,False,baseline
2026-06-09_Trade_1,2026-06-09,SP500_Report_09Jun2026.docx,Trade 1 - Daily Directional,Trade 1,SHORT,MARKET,MARKET @ cash open 14:30 UK,16:30,7384.0,7484.0,7284.0,7184.0,7100.0,100.0,BE_0.2R_ON_TP2,SESSION_CLOSE_TIMESTOP,3 units; Unit3 SL->entry-0.2R (7364) on TP2 fill; runner CARD-SPECIFIED time-stop at session close + 3xATR cap,False,baseline
2026-06-09_Trade_3A,2026-06-09,SP500_Report_09Jun2026.docx,Trade 3A - Momentum-Pullback (sell limit daily P),Trade 3A,SHORT,LIMIT,SELL LIMIT,09:00,7449.58,7521.0,7380.0,7300.0,7245.0,71.0,BE_0.2R_ON_TP2,TRACE,3 units; Unit3 SL->entry-0.2R (7435.38) on TP2 fill,False,baseline
2026-06-10_Trade_1,2026-06-10,SP500_Report_10Jun2026.docx,Trade 1 - Daily Directional (sell stop),Trade 1,SHORT,STOP,SELL STOP,09:00,7330.0,7476.0,7257.0,7184.0,7038.0,146.0,BE_0.2R_ON_TP2,SESSION_CLOSE_TIMESTOP,3 units; Unit3 SL->entry-0.2R on TP2 fill; runner CARD-SPECIFIED exit at session close + 3xATR cap,False,baseline
2026-06-10_Trade_2,2026-06-10,SP500_Report_10Jun2026.docx,Trade 2 - Pivot (sell limit weekly P),Trade 2,SHORT,LIMIT,SELL LIMIT,09:00,7460.0,7518.0,7402.0,7344.0,7330.0,58.0,BE_0.2R_ON_TP2,TRACE,3 units; Unit3 SL->entry-0.2R on TP2 fill; runner exit at pivot P,False,baseline
2026-06-10_Trade_3C,2026-06-10,SP500_Report_10Jun2026.docx,Trade 3C - Momentum-Breakout (sell stop),Trade 3C,SHORT,STOP,SELL STOP,09:00,7322.0,7396.0,7248.0,7214.0,7105.0,74.0,BE_0.2R_ON_TP2,TRACE,3 units; Unit3 SL->entry-0.2R on TP2 fill,False,baseline
2026-06-11_Trade_1,2026-06-11,SP500_Report_11Jun2026.docx,Trade 1 - Daily Directional,Trade 1,SHORT,MARKET,MARKET @ 07:00 UK,09:00,7267.45,7552.45,6981.5,6696.1,6900.0,285.0,BE_0.2R_ON_TP2,SESSION_CLOSE_TIMESTOP,3 units; Unit3 SL->entry-0.2R on TP2 fill; runner CARD-SPECIFIED time-stop at session close / 3xATR cap,False,baseline
2026-06-11_Trade_3A,2026-06-11,SP500_Report_11Jun2026.docx,Trade 3A - Momentum-Pullback (57.5% rally-sell),Trade 3A,SHORT,LIMIT,SELL LIMIT,09:00,7463.0,7641.0,7392.0,7250.0,7000.0,178.0,BE_0.2R_ON_TP2,TRACE,3 units; Unit3 SL->entry-0.2R on TP2 fill; structural runner override on 100%-ext break,False,baseline
2026-06-15_Trade_1,2026-06-15,SP500_Report_15Jun2026.docx,Trade 1 - Daily Directional,Trade 1,LONG,MARKET,MARKET @ 07:00 UK,09:00,7431.51,7338.91,7524.0,7616.6,7709.1,92.6,BE_0.2R_ON_TP2,SESSION_CLOSE_TIMESTOP,3 units; Unit3 SL->entry+0.2R on TP2 fill; runner CARD-SPECIFIED session-close time-stop + 3xATR cap,False,baseline
2026-06-15_Trade_2,2026-06-15,SP500_Report_15Jun2026.docx,Trade 2 - Pivot (buy stop daily R1),Trade 2,LONG,STOP,BUY STOP,09:00,7470.9,7416.86,7524.9,7578.98,7620.0,54.04,BE_0.2R_ON_TP2,TRACE,3 units; Unit3 SL->entry+0.2R (7481.71) on TP2 fill; runner to pivot,False,baseline
2026-06-15_Trade_3C,2026-06-15,SP500_Report_15Jun2026.docx,Trade 3C - Breakout (buy stop 5-day swing high),Trade 3C,LONG,STOP,BUY STOP,09:00,7483.15,7416.96,7549.3,7615.5,7866.2,66.19,NONE,TRACE,3 units; structural runner on entry-to-anchor,False,baseline
2026-06-16_Trade_1,2026-06-16,SP500_Report_16-Jun-2026.docx,Trade 1 - Daily Directional,Trade 1,LONG,MARKET,MARKET @ overridden daily-open anchor,02:00,7431.24,7389.24,7473.68,7515.9,7558.12,42.0,BE_0.2R_ON_TP2,SESSION_CLOSE_TIMESTOP,3 units; Unit3 SL->entry+0.2R (7439.9) on TP2 fill; runner CARD-SPECIFIED session-close time-stop / 3xATR cap,False,baseline
2026-06-16_Trade_2,2026-06-16,SP500_Report_16-Jun-2026.docx,Trade 2 - Pivot (buy limit daily S1),Trade 2,LONG,LIMIT,BUY LIMIT,09:00,7398.71,7353.41,7443.7,7488.7,7509.11,45.3,BE_0.2R_ON_TP2,TRACE,3 units; Unit3 SL->entry+0.2R on TP2 fill,False,baseline
2026-06-16_Trade_3A,2026-06-16,SP500_Report_16-Jun-2026.docx,Trade 3A - Momentum-Pullback (pivot confluence),Trade 3A,LONG,LIMIT,BUY LIMIT,09:00,7400.0,7330.0,7470.0,7506.0,7577.0,70.0,NONE,TRACE,3 units; 3A structural runner override on 100%-ext break,False,baseline
2026-06-17_Trade_1,2026-06-17,SP500_Report_17Jun2026.docx,Trade 1 - Daily Directional,Trade 1,LONG,LIMIT,BUY LIMIT (daily P),09:00,7558.0,7475.0,7641.0,7724.0,7800.0,83.0,BE_0.2R_ON_TP2,SESSION_CLOSE_TIMESTOP,3 units; Unit3 SL->entry+0.2R on TP2 fill; runner session-close time-stop / 3xATR cap,False,baseline
2026-06-17_Trade_2,2026-06-17,SP500_Report_17Jun2026.docx,Trade 2 - Pivot (buy limit daily S1),Trade 2,LONG,LIMIT,BUY LIMIT,09:00,7527.0,7470.0,7584.0,7610.0,7632.0,57.0,BE_0.2R_ON_TP2,TRACE,3 units; Unit3 SL->entry+0.2R on TP2 fill,False,baseline
2026-06-17_Trade_3A,2026-06-17,SP500_Report_17Jun2026.docx,Trade 3A - Momentum-Pullback (breakout stop),Trade 3A,LONG,STOP,BUY STOP,09:00,7590.0,7527.0,7653.0,7716.0,7800.0,63.0,NONE,TRACE,3 units; 3A structural runner override,False,baseline
2026-06-18_Trade_1,2026-06-18,SP500_Report_18Jun2026.docx,Trade 1 - Daily Directional,Trade 1,SHORT,MARKET,MARKET @ 07:00 UK,09:00,7420.0,7501.0,7340.0,7259.0,7180.0,81.0,BE_0.2R_ON_TP2,SESSION_CLOSE_TIMESTOP,3 units; Unit3 SL->entry-0.2R (7404) on TP2 fill; runner time-stop at session close + 3xATR cap,False,baseline
2026-06-18_Trade_2,2026-06-18,SP500_Report_18Jun2026.docx,Trade 2 - Pivot (sell limit monthly S1 / daily P),Trade 2,SHORT,LIMIT,SELL LIMIT,09:00,7450.0,7506.0,7394.0,7338.0,7322.0,56.0,BE_0.2R_ON_TP2,TRACE,3 units; Unit3 SL->entry-0.2R on TP2 fill,False,baseline
2026-06-18_Trade_3C,2026-06-18,SP500_Report_18Jun2026.docx,Trade 3C - Momentum-Breakout (sell stop),Trade 3C,SHORT,STOP,SELL STOP,09:00,7369.0,7427.0,7322.0,7275.0,7182.0,58.0,NONE,TRACE,3 units; structural runner override on extension,False,baseline
2026-06-19_Trade_1,2026-06-19,SP500_Report_19Jun2026.docx,Trade 1 - Daily Directional,Trade 1,LONG,MARKET,MARKET @ next open,09:00,7500.58,7465.0,7536.0,7571.0,7603.0,35.58,BE_0.2R_ON_TP2,SESSION_CLOSE_TIMESTOP,3 units; Unit3 SL->entry+0.2R (7507.7) on TP2 fill; runner session-close time-stop + 3xATR cap,False,baseline
2026-06-19_Trade_2,2026-06-19,SP500_Report_19Jun2026.docx,Trade 2 - Pivot (buy limit daily S1),Trade 2,LONG,LIMIT,BUY LIMIT,09:00,7475.58,7450.57,7500.6,7525.6,7561.0,25.01,BE_0.2R_ON_TP2,TRACE,3 units; Unit3 SL->entry+0.2R (7480.58) on TP2 fill; runner to pivot R3,False,baseline
2026-06-19_Trade_3A,2026-06-19,SP500_Report_19Jun2026.docx,Trade 3A - Momentum-Pullback (breakout stop),Trade 3A,LONG,STOP,BUY STOP,09:00,7512.0,7478.0,7546.0,7580.0,7620.0,34.0,NONE,TRACE,3 units; on 100%-ext break U3 stop -> halfway entry-to-anchor,False,baseline
2026-06-24_Trade_1,2026-06-24,SP500_Report_24Jun2026.docx,Trade 1 - Daily Directional,Trade 1,SHORT,MARKET,MARKET @ cash open 14:30 UK,16:30,7365.17,7470.17,7260.75,7156.04,7077.46,105.0,BE_0.2R_ON_TP2,SESSION_CLOSE_TIMESTOP,3 units; Unit3 SL->entry-0.2R on TP2 fill; runner CARD-SPECIFIED time-stop at session close / 3xATR cap,False,baseline
2026-06-24_Trade_2,2026-06-24,SP500_Report_24Jun2026.docx,Trade 2 - Pivot (sell limit daily P shelf),Trade 2,SHORT,LIMIT,SELL LIMIT,09:00,7404.0,7489.0,7320.0,7235.0,7188.0,85.0,BE_0.2R_ON_TP2,TRACE,3 units; Unit3 SL->entry-0.2R on TP2 fill,False,baseline
2026-06-24_Trade_3A,2026-06-24,SP500_Report_24Jun2026.docx,Trade 3A - Momentum-Pullback (38.2% rally-sell),Trade 3A,SHORT,LIMIT,SELL LIMIT,09:00,7453.0,7545.0,7349.0,7270.0,7188.0,92.0,NONE,TRACE,3 units; 3A structural runner override on 100%-ext break,False,baseline
2026-06-25_Trade_1,2026-06-25,SP500_Report_25Jun2026.docx,Trade 1 - Daily Directional,Trade 1,,MARKET,,09:00,,,,,,,NONE,TRACE,,True,baseline
2026-06-25_Trade_2,2026-06-25,SP500_Report_25Jun2026.docx,"Trade 2 - Pivot (range fade, sell limit daily R1)",Trade 2,SHORT,LIMIT,SELL LIMIT,09:00,7403.21,7430.0,7379.51,7355.8,7334.51,27.0,BE_0.2R_ON_TP2,TRACE,3 units; Unit3 SL->entry-0.2R on TP2 fill,False,baseline
2026-06-25_Trade_3A,2026-06-25,SP500_Report_25Jun2026.docx,"Trade 3A - Momentum-Pullback (sell stop, break of 23 Jun low)",Trade 3A,SHORT,STOP,SELL STOP,09:00,7346.0,7385.0,7318.0,7309.98,7265.81,39.0,NONE,TRACE,3 units; 3A structural override on 100%-ext break,False,baseline
2026-06-26_Trade_1,2026-06-26,SP500_Report_26Jun2026.docx,Trade 1 - Daily Directional (sell stop),Trade 1,SHORT,STOP,SELL STOP,09:00,7336.8,7412.0,7261.6,7186.4,7111.2,75.2,BE_0.2R_ON_TP2,SESSION_CLOSE_TIMESTOP,3 units; Unit3 SL->entry-0.2R on TP2 fill; runner CARD-SPECIFIED exit at session close + 3xATR cap,False,baseline
2026-06-26_Trade_2,2026-06-26,SP500_Report_26Jun2026.docx,Trade 2 - Pivot (sell limit daily P),Trade 2,SHORT,LIMIT,SELL LIMIT,09:00,7374.37,7465.61,7320.67,7283.13,7234.18,91.24,BE_0.2R_ON_TP2,TRACE,3 units; Unit3 SL->entry-0.2R on TP2 fill,False,baseline
2026-06-26_Trade_3A,2026-06-26,SP500_Report_26Jun2026.docx,Trade 3A - Momentum-Pullback (sell limit daily R1 / 38.2%),Trade 3A,SHORT,LIMIT,SELL LIMIT,09:00,7411.91,7465.61,7357.0,7318.39,7234.0,53.7,NONE,TRACE,3 units; 3A structural override at 100%-ext break,False,baseline
2026-06-29_Trade_1,2026-06-29,SP500_Daily_Report_29Jun2026.docx,Trade 1 - Daily Directional,Trade 1,SHORT,MARKET,MARKET @ overridden daily-open anchor 07:00 UK,09:00,7354.0,7558.0,7150.1,6946.1,7018.6,204.0,BE_0.2R_ON_TP2,SESSION_CLOSE_TIMESTOP,3 units; Unit3 SL->entry-0.2R (7394.8) on TP2 fill; runner CARD-SPECIFIED session close / 3xATR cap,False,baseline
2026-06-29_Trade_2,2026-06-29,SP500_Daily_Report_29Jun2026.docx,Trade 2 - Pivot (sell stop below daily S1),Trade 2,SHORT,STOP,SELL STOP,09:00,7296.6,7389.4,7301.2,7274.7,7248.3,93.0,BE_0.2R_ON_TP2,TRACE,3 units; Unit3 SL->entry-0.2R on TP2 fill; runner toward pivot P,False,baseline
2026-06-29_Trade_3C,2026-06-29,SP500_Daily_Report_29Jun2026.docx,"Trade 3C - Momentum-Breakout (sell stop, conditional)",Trade 3C,SHORT,STOP,SELL STOP,09:00,7209.9,7349.7,7050.0,6950.0,6900.0,140.0,NONE,TRACE,3 units; structural runner,False,baseline
2026-06-30_Trade_1,2026-06-30,SP500_Report_30Jun2026.docx,Trade 1 - Daily Directional,Trade 1,SHORT,MARKET,MARKET @ 00:00 UK (overridden),02:00,7354.0,7500.0,7208.0,7062.0,7186.0,146.0,BE_0.2R_ON_TP2,SESSION_CLOSE_TIMESTOP,3 units; Unit3 SL->entry-0.2R on TP2 fill; runner CARD-SPECIFIED session close / 3xATR cap,False,baseline
2026-06-30_Trade_2,2026-06-30,SP500_Report_30Jun2026.docx,Trade 2 - Pivot (sell stop below P),Trade 2,SHORT,STOP,SELL STOP,09:00,7350.0,7369.0,7333.0,7322.0,7311.0,19.0,BE_0.2R_ON_TP2,TRACE,3 units; Unit3 SL->entry-0.2R on TP2 fill,False,baseline
2026-06-30_Trade_3A,2026-06-30,SP500_Report_30Jun2026.docx,Trade 3A - Momentum-Pullback (57.5% rally-sell),Trade 3A,SHORT,LIMIT,SELL LIMIT,09:00,7420.0,7500.0,7390.0,7331.0,7176.0,80.0,BE_0.2R_ON_TP2,TRACE,3 units; Unit3 SL->entry-0.2R on TP2 fill; 3A structural override,False,baseline
2026-07-01_Trade_1,2026-07-01,SP500_Report_01Jul2026.docx,Trade 1 - Daily Directional (buy limit daily P),Trade 1,LONG,LIMIT,BUY LIMIT,09:00,7413.0,7377.0,7449.0,7485.0,7520.0,36.0,BE_0.2R_ON_TP2,SESSION_CLOSE_TIMESTOP,3 units; Unit3 SL->entry+0.2R on TP2 fill; runner time-stop at session close + 3xATR cap,False,baseline
2026-07-01_Trade_2,2026-07-01,SP500_Report_01Jul2026.docx,Trade 2 - Pivot (buy limit daily P),Trade 2,LONG,LIMIT,BUY LIMIT,09:00,7413.0,7382.0,7444.0,7472.0,7531.0,31.0,BE_0.2R_ON_TP2,TRACE,3 units; Unit3 SL->entry+0.2R on TP2 fill,False,baseline
2026-07-01_Trade_3A,2026-07-01,SP500_Report_01Jul2026.docx,Trade 3A - Momentum-Pullback (breakout stop),Trade 3A,LONG,STOP,BUY STOP,09:00,7446.0,7401.0,7491.0,7500.0,7531.0,45.0,NONE,TRACE,3 units; 3A structural runner override on 100%-ext break,False,baseline
2026-07-02_Trade_1,2026-07-02,SP500_Report_02Jul2026.docx,Trade 1 - Daily Directional,Trade 1,LONG,MARKET,MARKET @ session open 07:00 UK,09:00,7499.36,7412.56,7586.16,7672.96,7759.76,86.8,BE_0.2R_ON_TP2,SESSION_CLOSE_TIMESTOP,3 units; Unit3 SL->entry+0.2R (7516.7) on TP2 fill; runner CARD-SPECIFIED exit at session close + 3xATR cap,False,baseline
2026-07-02_Trade_2,2026-07-02,SP500_Report_02Jul2026.docx,Trade 2 - Pivot (regime-aware),Trade 2,,MARKET,,09:00,,,,,,,NONE,TRACE,,True,baseline
2026-07-02_Trade_3A,2026-07-02,SP500_Report_02Jul2026.docx,Trade 3A - Momentum-Pullback (57.5% fib),Trade 3A,LONG,LIMIT,BUY LIMIT,09:00,7425.33,7344.02,7457.71,7499.36,7521.81,81.31,BE_0.2R_ON_TP2,TRACE,3 units; Unit3 SL->entry+0.2R (7441.59) on TP2 fill; structural runner override on 100%-ext break,False,baseline
2026-07-03_Trade_1,2026-07-03,SP500_Report_03Jul2026.docx,Trade 1 - Daily Directional,Trade 1,LONG,MARKET,MARKET @ 00:00 UK (overridden),02:00,7482.5,7428.0,7537.0,7591.0,7740.0,54.5,BE_0.2R_ON_TP2,SESSION_CLOSE_TIMESTOP,3 units; Unit3 SL->entry+0.2R (7493) on TP2 fill; runner CARD-SPECIFIED session-close time-stop / 3xATR cap,False,baseline
2026-07-03_Trade_2,2026-07-03,SP500_Report_03Jul2026.docx,Trade 2 - Pivot (TRANSITION breakout side),Trade 2,,MARKET,,09:00,,,,,,,NONE,TRACE,,True,baseline
2026-07-03_Trade_3C,2026-07-03,SP500_Report_03Jul2026.docx,Trade 3C - Momentum-Breakout (conditional),Trade 3C,LONG,CONDITIONAL,CONDITIONAL - confirmed daily close above 7620.9,09:00,7620.9,7391.0,8004.0,8195.0,,229.9,NONE,TRACE,3 units; on Unit 2 fill Unit 3 stop to the broken boundary,False,baseline
2026-07-09_Trade_1,2026-07-09,SP500_Daily_Report_09Jul2026.docx,Trade 1 - Daily Directional,Trade 1,,MARKET,,09:00,,,,,,,NONE,TRACE,,True,baseline
2026-07-09_Trade_2,2026-07-09,SP500_Daily_Report_09Jul2026.docx,Trade 2 - Pivot (sell limit daily P),Trade 2,SHORT,LIMIT,SELL LIMIT,09:00,7508.9,7545.0,7472.9,7441.9,7405.9,36.1,BE_0.2R_ON_TP2,SESSION_CLOSE_TIMESTOP,3 units; Unit3 SL->entry-0.2R (7516.1) on TP2 fill; runner exit at daily P re-tag or session close,False,baseline
2026-07-09_Trade_3A,2026-07-09,SP500_Daily_Report_09Jul2026.docx,Trade 3A - Momentum-Pullback (sell stop),Trade 3A,SHORT,STOP,SELL STOP,09:00,7438.0,7485.0,7410.0,7392.0,7344.0,47.0,NONE,TRACE,3 units; 3A structural override on 100%-ext break,False,baseline
2026-07-10_Trade_1,2026-07-10,SP500_M1_v2_1_Report_10-Jul-2026.docx,Trade 1 - Daily Directional,Trade 1,LONG,MARKET,MARKET @ 14:30 UK cash open (overridden anchor),16:30,7543.64,7472.74,7614.54,7685.44,7663.29,70.9,BE_0.2R_ON_TP2,SESSION_CLOSE_TIMESTOP,3 units; Unit3 SL->entry+0.2R on TP2 fill; runner time-stopped at the 10 Jul cash close 21:00 UK or the 3xATR cap,False,baseline
2026-07-10_Trade_2,2026-07-10,SP500_M1_v2_1_Report_10-Jul-2026.docx,Trade 2 - Pivot (regime-aware),Trade 2,,MARKET,,09:00,,,,,,,NONE,TRACE,,True,baseline
2026-07-10_Trade_3C,2026-07-10,SP500_M1_v2_1_Report_10-Jul-2026.docx,Trade 3C - Momentum-Breakout,Trade 3C,,MARKET,,09:00,,,,,,,NONE,TRACE,,True,baseline
2026-07-13_Trade_1,2026-07-13,SP500_Report_13Jul2026.docx,Trade 1 - Daily Directional,Trade 1,LONG,MARKET,MARKET @ 14:30 UK cash open,16:30,7575.39,7480.25,7670.53,7765.67,7827.75,95.14,BE_0.2R_ON_TP2,SESSION_CLOSE_TIMESTOP,3 units; Unit3 SL->entry+0.2R (7594.4) on TP2 fill; runner CARD-SPECIFIED session-close time-stop / 3xATR cap,False,baseline
2026-07-13_Trade_2,2026-07-13,SP500_Report_13Jul2026.docx,Trade 2 - Pivot (TRANSITION breakout side),Trade 2,LONG,STOP,BUY STOP,09:00,7577.84,7505.84,7577.84,7589.25,7620.0,72.0,NONE,TRACE,3 units; standard BE+0.2R on Unit 2 fill,False,baseline
2026-07-13_Trade_3C,2026-07-13,SP500_Report_13Jul2026.docx,Trade 3C - Momentum-Breakout,Trade 3C,,MARKET,,09:00,,,,,,,NONE,TRACE,,True,baseline
2026-07-14_Trade_1,2026-07-14,SP500_Report_14Jul2026.docx,Trade 1 - Daily Directional,Trade 1,LONG,MARKET,MARKET @ session open 07:00 UK,09:00,7575.39,7529.06,7621.7,7668.0,7743.0,46.3,BE_0.2R_ON_TP2,SESSION_CLOSE_TIMESTOP,3 units; Unit3 SL->entry+0.2R (7584.7) on TP2 fill; runner session-close time-stop + 3xATR cap,False,baseline
2026-07-14_Trade_2,2026-07-14,SP500_Report_14Jul2026.docx,Trade 2 - Pivot (buy limit daily P),Trade 2,LONG,LIMIT,BUY LIMIT,09:00,7554.49,7482.72,7600.83,7626.26,7672.6,71.77,BE_0.2R_ON_TP2,TRACE,3 units; Unit3 SL->entry+0.2R on TP2 fill,False,baseline
2026-07-14_Trade_3A,2026-07-14,SP500_Report_14Jul2026.docx,Trade 3A - Momentum-Pullback (breakout stop),Trade 3A,LONG,STOP,BUY STOP,09:00,7581.0,7508.16,7620.9,7739.0,7800.0,72.84,NONE,TRACE,3 units; structural runner override on extension,False,baseline
2026-07-15_Trade_1,2026-07-15,SP500_Daily_Report_15Jul2026.docx,Trade 1 - Daily Directional,Trade 1,LONG,MARKET,MARKET @ 07:00 UK,09:00,7543.6,7483.4,7603.8,7664.0,7724.0,60.2,BE_0.2R_ON_TP2,SESSION_CLOSE_TIMESTOP,3 units; Unit3 SL->entry+0.2R (7555.6) on TP2 fill; runner CARD-SPECIFIED session-close time-stop / 3xATR cap,False,baseline
2026-07-15_Trade_2,2026-07-15,SP500_Daily_Report_15Jul2026.docx,Trade 2 - Pivot (TRANSITION breakout side),Trade 2,LONG,STOP,BUY STOP,09:00,7530.6,7497.8,7553.2,7572.2,7591.1,32.8,BE_0.2R_ON_TP2,TRACE,3 units; Unit3 SL->entry+0.2R (7537.16) on TP2 fill,False,baseline
2026-07-15_Trade_3C,2026-07-15,SP500_Daily_Report_15Jul2026.docx,Trade 3C - Momentum-Breakout,Trade 3C,,MARKET,,09:00,,,,,,,NONE,TRACE,,True,baseline
2026-07-16_Trade_1,2026-07-16,SP500_M1_Report_16Jul2026.docx,Trade 1 - Daily Directional,Trade 1,LONG,MARKET,MARKET @ 14:30 UK cash open,16:30,7543.59,7402.26,7684.93,7826.26,7778.37,141.34,BE_0.2R_ON_TP2,SESSION_CLOSE_TIMESTOP,3 units; Unit3 SL->entry+0.2R (7571.86) on TP2 fill; runner 3xATR cap or session close,False,baseline
2026-07-16_Trade_2,2026-07-16,SP500_M1_Report_16Jul2026.docx,Trade 2 - Pivot (buy limit daily P),Trade 2,LONG,LIMIT,BUY LIMIT,09:00,7538.09,7518.73,7562.94,7572.62,7590.0,19.36,NONE,TRACE,3 units; standard tranche rule,False,baseline
2026-07-16_Trade_3C,2026-07-16,SP500_M1_Report_16Jul2026.docx,Trade 3C - Transition Breakout,Trade 3C,,MARKET,,09:00,,,,,,,NONE,TRACE,,True,baseline
2026-07-17_Trade_1,2026-07-17,SP500_Report_17Jul2026.docx,Trade 1 - Daily Directional,Trade 1,SHORT,MARKET,PENDING @ 14:30 UK cash open,16:30,7542.76,7586.27,7499.25,7455.75,7327.55,43.51,BE_0.2R_ON_TP2,TRACE,3 units; Unit3 SL->entry+0.2R (7534.06) on TP2 fill,False,baseline
2026-07-17_Trade_2,2026-07-17,SP500_Report_17Jul2026.docx,Trade 2 - Pivot (buy limit daily S1),Trade 2,LONG,LIMIT,BUY LIMIT,09:00,7501.61,7453.57,7549.65,7597.7,7716.82,48.04,BE_0.2R_ON_TP2,TRACE,3 units; Unit3 SL->entry-0.2R on TP2 fill,False,baseline
2026-07-17_Trade_3,2026-07-17,SP500_Report_17Jul2026.docx,Trade 3 - Pivot fade (sell limit daily R1),Trade 3,SHORT,LIMIT,SELL LIMIT,09:00,7568.33,7599.43,7537.23,7506.12,7353.12,31.1,BE_0.2R_ON_TP2,TRACE,3 units; Unit3 SL->entry+0.2R on TP2 fill,False,baseline
2026-07-20_Trade_1,2026-07-20,SP500_Report_20Jul2026.docx,Trade 1 - Daily Directional,Trade 1,SHORT,MARKET,MARKET @ 07:00 UK,09:00,7457.69,7516.52,7398.86,7340.04,7241.13,58.83,BE_0.2R_ON_TP2,SESSION_CLOSE_TIMESTOP,3 units; Unit3 SL->entry-0.2R on TP2 fill; runner CARD-SPECIFIED 3xATR / session-close time-stop,False,baseline
2026-07-20_Trade_2,2026-07-20,SP500_Report_20Jul2026.docx,Trade 2 - Pivot (TRANSITION down-break side),Trade 2,SHORT,STOP,SELL STOP,09:00,7458.87,7487.44,7426.48,7410.87,7395.26,28.57,BE_0.2R_ON_TP2,TRACE,3 units; Unit3 SL->entry-0.2R on TP2 fill,False,baseline
2026-07-20_Trade_3C,2026-07-20,SP500_Report_20Jul2026.docx,Trade 3C - Momentum-Breakout (conditional),Trade 3C,SHORT,CONDITIONAL,CONDITIONAL - stop-entry ~7276.13 on confirmed downside close,09:00,7276.13,7470.83,6999.76,6852.55,,194.7,NONE,TRACE,3 units; on Unit 2 fill Unit 3 stop to the broken boundary,False,baseline
2026-07-21_Trade_1,2026-07-21,SP500_Report_21-Jul-2026.docx,Trade 1 - Daily Directional,Trade 1,SHORT,MARKET,MARKET @ overridden session-open anchor,09:00,7443.0,7502.0,7384.0,7325.0,7245.0,59.0,BE_0.2R_ON_TP2,SESSION_CLOSE_TIMESTOP,3 units; Unit3 SL->entry-0.2R (7455) on TP2 fill; runner CARD-SPECIFIED session-close time-stop / 3xATR cap,False,baseline
2026-07-21_Trade_2,2026-07-21,SP500_Report_21-Jul-2026.docx,Trade 2 - Pivot (regime-aware),Trade 2,,MARKET,,09:00,,,,,,,NONE,TRACE,,True,baseline
2026-07-21_Trade_3C,2026-07-21,SP500_Report_21-Jul-2026.docx,Trade 3C - Momentum-Breakout (conditional short),Trade 3C,SHORT,CONDITIONAL,"CONDITIONAL - confirmed downside break, entry at breakdown close",09:00,7443.0,7530.0,7094.0,6933.0,6800.0,87.0,NONE,TRACE,3 units; structural TPs preserved,False,baseline
2026-07-22_Trade_1,2026-07-22,SP500_Report_22Jul2026.docx,Trade 1 - Daily Directional,Trade 1,,MARKET,,09:00,,,,,,,NONE,TRACE,,True,baseline
2026-07-22_Trade_2,2026-07-22,SP500_Report_22Jul2026.docx,Trade 2 - Pivot (regime-aware),Trade 2,,MARKET,,09:00,,,,,,,NONE,TRACE,,True,baseline
2026-07-22_Trade_3B,2026-07-22,SP500_Report_22Jul2026.docx,"Trade 3B - Mean-Reversion (range fade, short leg)",Trade 3B,SHORT,LIMIT,SELL LIMIT into the 78.6-88.6% zone,09:00,7524.1,7556.5,7442.9,7329.3,7300.9,32.4,NONE,TRACE,"3 units; Unit1 to range mid, Unit2 to opposite side -10%, Unit3 runner on a range break",False,baseline
2026-07-23_Trade_1,2026-07-23,SP500_Report_23Jul2026.docx,Trade 1 - Daily Directional,Trade 1,SHORT,MARKET,MARKET @ 23 Jul cash open 14:30 UK,16:30,7498.96,7521.14,7476.78,7454.6,7286.22,22.18,BE_0.2R_ON_TP2,SESSION_CLOSE_TIMESTOP,3 units; Unit3 SL->entry-0.2R on TP2 fill; runner CARD-SPECIFIED session-close time-stop / 3xATR cap,False,baseline
2026-07-23_Trade_2,2026-07-23,SP500_Report_23Jul2026.docx,Trade 2 - Pivot (buy limit daily S1),Trade 2,LONG,LIMIT,BUY LIMIT,09:00,7483.19,7414.64,7551.74,7620.28,7695.92,68.55,BE_0.2R_ON_TP2,TRACE,3 units; Unit3 SL->entry+0.2R on TP2 fill,False,baseline
2026-07-23_Trade_3,2026-07-23,SP500_Report_23Jul2026.docx,Trade 3 - Pivot fade (sell limit daily R2),Trade 3,SHORT,LIMIT,SELL LIMIT,09:00,7540.65,7588.26,7504.03,7490.13,7483.19,47.61,NONE,TRACE,3 units; runner exit at daily S1,False,baseline
2026-07-24_Trade_1,2026-07-24,SP500_Report_24Jul2026.docx,Trade 1 - Daily Directional,Trade 1,SHORT,MARKET,"PENDING @ 07:00 UK anchor, executed 14:30 UK",09:00,7408.3,7446.52,7370.08,7331.86,7190.5,38.22,BE_0.2R_ON_TP2,SESSION_CLOSE_TIMESTOP,"3 units; Unit3 SL->entry-0.2R on TP2 fill; runner 3xATR cap, time-stopped at the cash close",False,baseline
2026-07-24_Trade_2,2026-07-24,SP500_Report_24Jul2026.docx,Trade 2 - Pivot (sell limit daily P),Trade 2,SHORT,LIMIT,SELL LIMIT,09:00,7428.37,7479.28,7375.53,7342.77,7289.93,50.91,BE_0.2R_ON_TP2,TRACE,3 units; Unit3 SL->entry-0.2R on TP2 fill,False,baseline
2026-07-24_Trade_3A,2026-07-24,SP500_Report_24Jul2026.docx,Trade 3A - Momentum-Pullback (38.2% rally-sell),Trade 3A,SHORT,LIMIT,SELL LIMIT,09:00,7481.66,7552.99,7395.6,7334.32,7256.36,71.33,BE_0.2R_ON_TP2,TRACE,3 units; Unit3 SL->entry-0.2R (7467.39) on TP2 fill; structural override on 100%-ext break,False,baseline
2026-07-27_Trade_1,2026-07-27,SP500_Report_27Jul2026.docx,Trade 1 - Daily Directional,Trade 1,,MARKET,,09:00,,,,,,,NONE,TRACE,,True,baseline
2026-07-27_Trade_2,2026-07-27,SP500_Report_27Jul2026.docx,Trade 2 - Pivot (TRANSITION breakout side),Trade 2,LONG,STOP,BUY STOP,09:00,7425.82,7392.91,7449.8,7468.7,7487.61,32.91,BE_0.2R_ON_TP2,TRACE,3 units; Unit3 SL->entry+0.2R (7432.40) on TP2 fill,False,baseline
2026-07-27_Trade_3C,2026-07-27,SP500_Report_27Jul2026.docx,Trade 3C - Momentum-Breakout (conditional upside),Trade 3C,LONG,CONDITIONAL,CONDITIONAL - confirmed close above 7598.01,09:00,7598.01,7409.11,7868.82,8012.48,,188.9,NONE,TRACE,3 units; on Unit 2 fill Unit 3 stop to the broken boundary,False,baseline
2026-07-28_Trade_1,2026-07-28,SP500_Daily_Report_28-Jul-2026.docx,Trade 1 - Daily Directional,Trade 1,LONG,LIMIT,BUY LIMIT into the 7387-7394 shelf,09:00,7392.0,7357.0,7427.0,7462.0,7538.0,35.0,BE_0.2R_ON_TP2,SESSION_CLOSE_TIMESTOP,3 units; Unit3 SL->entry+0.2R (7399) on TP2 fill; runner session-close time-stop + 3xATR cap,False,baseline
2026-07-28_Trade_2,2026-07-28,SP500_Daily_Report_28-Jul-2026.docx,Trade 2 - Pivot (buy limit daily S1),Trade 2,LONG,LIMIT,BUY LIMIT,09:00,7387.0,7362.0,7411.0,7435.0,7512.0,25.0,BE_0.2R_ON_TP2,TRACE,3 units; Unit3 SL->entry+0.2R (7392) on TP2 fill; runner exit at pivot P,False,baseline
2026-07-28_Trade_3,2026-07-28,SP500_Daily_Report_28-Jul-2026.docx,Trade 3 - Mean-Reversion (buy stop on P reclaim),Trade 3,LONG,STOP,BUY STOP,09:00,7420.0,7378.0,7435.0,7457.0,7538.0,42.0,BE_0.2R_ON_TP2,TRACE,3 units; Unit3 SL->entry+0.2R (7428.4) on TP2 fill,False,baseline
2026-07-29_Trade_1,2026-07-29,SP500_Report_29Jul2026.docx,Trade 1 - Daily Directional,Trade 1,,MARKET,,09:00,,,,,,,NONE,TRACE,,True,baseline
2026-07-29_Trade_2,2026-07-29,SP500_Report_29Jul2026.docx,Trade 2 - Pivot (TRANSITION breakout side),Trade 2,LONG,STOP,BUY STOP,09:00,7438.79,7399.39,7478.18,7517.57,7560.0,39.4,BE_0.2R_ON_TP2,TRACE,3 units; Unit3 SL->entry+0.2R on TP2 fill,False,baseline
2026-07-29_Trade_3C,2026-07-29,SP500_Report_29Jul2026.docx,Trade 3C - Momentum-Breakout (conditional upside),Trade 3C,LONG,CONDITIONAL,CONDITIONAL - confirmed close above 7598.01,09:00,7598.01,7409.11,7868.82,8012.48,,188.9,NONE,TRACE,3 units; on Unit 2 fill Unit 3 stop to the broken boundary,False,baseline
2026-07-30_Trade_1,2026-07-30,SP500_Report_30Jul2026.docx,Trade 1 - Daily Directional,Trade 1,SHORT,MARKET,MARKET @ 30 Jul daily-open anchor,09:00,7316.0,7401.0,7231.0,7146.0,7181.0,85.0,BE_0.2R_ON_TP2,SESSION_CLOSE_TIMESTOP,3 units; Unit3 SL->entry-0.2R (7299) on TP2 fill; runner CARD-SPECIFIED session-close time-stop / 3xATR cap,False,baseline
2026-07-30_Trade_2,2026-07-30,SP500_Report_30Jul2026.docx,Trade 2 - Pivot (regime-aware),Trade 2,,MARKET,,09:00,,,,,,,NONE,TRACE,,True,baseline
2026-07-30_Trade_3C,2026-07-30,SP500_Report_30Jul2026.docx,Trade 3C - Momentum-Breakout (conditional short),Trade 3C,SHORT,CONDITIONAL,CONDITIONAL - confirmed close below ~7283,09:00,7280.0,7408.0,7008.0,6865.0,,128.0,NONE,TRACE,3 units; on Unit 2 fill Unit 3 stop to the broken boundary,False,baseline
2026-07-31_Trade_1,2026-07-31,SP500_Report_31Jul2026.docx,Trade 1 - Daily Directional (breakout stop),Trade 1,LONG,STOP,BUY STOP,09:00,7455.0,7366.0,7510.0,7582.0,7650.0,89.0,BE_0.2R_ON_TP2,SESSION_CLOSE_TIMESTOP,3 units; Unit3 SL->entry+0.2R (7452) on TP2 fill; runner CARD-SPECIFIED session-close time-stop + 3xATR cap,False,baseline
2026-07-31_Trade_2,2026-07-31,SP500_Report_31Jul2026.docx,Trade 2 - Pivot (buy limit daily P),Trade 2,LONG,LIMIT,BUY LIMIT,09:00,7405.0,7340.0,7476.0,7515.0,7560.0,65.0,BE_0.2R_ON_TP2,TRACE,3 units; Unit3 SL->entry+0.2R (7418) on TP2 fill; runner to R-extension,False,baseline
2026-07-31_Trade_3A,2026-07-31,SP500_Report_31Jul2026.docx,Trade 3A - Momentum-Pullback (38.2% fib),Trade 3A,LONG,LIMIT,BUY LIMIT,09:00,7412.0,7360.0,7464.0,7516.0,7570.0,52.0,BE_0.2R_ON_TP2,TRACE,3 units; Unit3 SL->entry+0.2R (7422.4) on TP2 fill; 3A structural override on 100%-ext break,False,baseline
