timing,policy,be,baseline_R,draws_mean_R,draws_min_R,draws_max_R,mean_diff,share_draws_beating
same,card,card,9.35,-0.323,-2.113,1.639,-9.673,0.0
same,card,tp1,8.077,1.839,-0.368,3.638,-6.238,0.0
same,midnight,card,-9.382,-5.974,-10.293,-0.643,3.408,0.667
same,midnight,tp1,-8.227,-2.978,-6.283,-0.465,5.249,1.0
same,uk0700,card,9.391,-0.532,-2.976,2.185,-9.923,0.0
same,uk0700,tp1,8.075,1.109,-1.231,3.326,-6.966,0.0
same,usopen,card,-0.749,4.277,1.779,8.325,5.026,1.0
same,usopen,tp1,1.559,3.66,1.463,6.889,2.101,0.667
same,band0845,card,24.329,-6.037,-8.423,-4.136,-30.366,0.0
same,band0845,tp1,21.797,-3.726,-6.573,0.432,-25.523,0.0
next,card,card,2.669,3.723,-2.706,7.601,1.054,0.667
next,card,tp1,2.884,4.748,-0.676,8.605,1.864,0.667
next,midnight,card,2.22,0.716,-2.004,2.47,-1.504,0.333
next,midnight,tp1,4.916,1.295,-0.875,2.652,-3.621,0.0
next,uk0700,card,4.289,3.344,-2.888,6.796,-0.945,0.667
next,uk0700,tp1,4.837,4.53,-0.753,7.8,-0.307,0.667
next,usopen,card,14.3,-2.331,-5.77,-0.469,-16.631,0.0
next,usopen,tp1,9.305,-2.504,-6.237,-0.156,-11.809,0.0
next,band0845,card,38.857,11.225,4.82,14.812,-27.632,0.0
next,band0845,tp1,28.624,10.214,4.163,13.473,-18.41,0.0
