report_date,c1,c2,c3,c4,c5,total,band,override,baseline_R,draw1_R,draw2_R,draw3_R,draws_mean_R,gain
2026-05-11,2,4,1,3,2,49,Low,restriction_breach,0.0,1.1800000000000002,0.993,0.996,1.056,1.056
2026-05-12,3,4,0,3,2,49,Low,hallucinated_source,-1.28,-0.511,-0.511,-0.335,-0.452,0.828
2026-05-13,2,4,0,3,2,44,Low,hallucinated_source,0.58,0.0,0.0,0.0,0.0,-0.58
2026-05-14,2,3,0,3,2,40,Low,hallucinated_source,-1.333,0.0,0.0,0.0,0.0,1.333
2026-05-15,2,4,1,2,3,48,Low,restriction_breach,-0.165,0.0,0.0,0.0,0.0,0.165
2026-05-18,2,4,0,3,2,44,Low,hallucinated_source,-3.0,-1.62,-1.62,-1.62,-1.62,1.38
2026-05-19,2,4,0,2,3,43,Low,hallucinated_source,-0.5,-1.0,-1.0,-1.0,-1.0,-0.5
2026-05-20,2,3,0,2,2,35,Very Low,hallucinated_source,10.133,4.106999999999999,1.211,4.109,3.142,-6.991
2026-05-21,2,4,0,3,2,44,Low,hallucinated_source,0.353,-1.0,0.0,1.432,0.144,-0.209
2026-05-22,2,4,0,3,2,44,Low,hallucinated_source,-0.439,-0.764,-0.764,-0.764,-0.764,-0.325
2026-05-25,2,4,0,3,2,44,Low,hallucinated_source,0.0,0.0,0.0,0.0,0.0,0.0
2026-05-26,4,4,2,3,3,67,Moderate,none,-0.574,0.193,0.193,-0.64,-0.085,0.489
2026-05-27,3,4,1,3,3,58,Low,restriction_breach,-0.678,-0.679,-0.679,-0.679,-0.679,-0.001
2026-05-28,3,3,2,3,3,59,Low,restriction_breach,0.0,-1.0,0.0,-1.0,-0.667,-0.667
2026-05-29,2,3,2,3,2,50,Low,restriction_breach,5.805,0.0,0.0,0.0,0.0,-5.805
2026-06-01,1,3,1,3,3,45,Low,restriction_breach,-0.528,0.0,0.0,0.0,0.0,0.528
2026-06-02,1,4,1,3,2,45,Low,restriction_breach,-0.624,-0.515,-0.515,1.067,0.012,0.636
2026-06-03,3,4,2,3,3,63,Moderate,none,0.546,0.0,1.032,1.032,0.688,0.142
2026-06-04,3,4,0,3,3,53,Low,hallucinated_source,-0.308,0.0,0.0,0.0,0.0,0.308
2026-06-05,3,4,0,3,2,49,Low,hallucinated_source,-1.817,-0.156,0.0,-0.156,-0.104,1.713
2026-06-08,3,3,2,3,3,59,Low,none,-1.0,0.0,-2.0,-1.0,-1.0,0.0
2026-06-09,1,4,0,3,3,44,Low,hallucinated_source,0.119,-1.0,1.452,0.0,0.151,0.032
2026-06-10,3,4,2,2,4,61,Moderate,none,-1.587,1.3419999999999999,0.856,1.343,1.18,2.767
2026-06-11,3,3,2,3,3,59,Low,none,-1.0,-2.0,-1.0,-2.0,-1.667,-0.667
2026-06-15,4,4,2,3,4,70,Moderate,none,1.0799999999999998,1.331,1.264,-0.543,0.684,-0.396
2026-06-16,3,3,2,3,3,59,Low,none,-1.08,-0.9390000000000001,0.061,-0.9390000000000001,-0.606,0.474
2026-06-17,2,3,2,3,3,54,Low,restriction_breach,-1.0,-1.838,-1.838,-1.838,-1.838,-0.838
2026-06-18,2,4,2,3,2,54,Low,restriction_breach,0.07099999999999995,1.221,1.221,2.221,1.554,1.483
2026-06-19,3,3,2,3,3,59,Low,none,-1.3330000000000002,0.0,0.0,0.0,0.0,1.333
2026-06-23,3,4,2,2,3,58,Low,restriction_breach,0.0,0.0,0.0,0.0,0.0,0.0
2026-06-24,2,4,0,3,2,44,Low,hallucinated_source,0.0,2.999,2.999,2.999,2.999,2.999
2026-06-25,2,3,1,3,3,49,Low,restriction_breach,2.1559999999999997,4.7219999999999995,4.7219999999999995,1.826,3.757,1.601
2026-06-26,2,3,2,3,2,50,Low,restriction_breach,2.328,0.143,-1.216,0.143,-0.31,-2.638
2026-06-29,3,4,2,3,3,63,Moderate,none,-0.521,1.406,1.042,0.855,1.101,1.622
2026-06-30,2,4,0,3,3,48,Low,hallucinated_source,-0.7150000000000001,0.0,0.0,0.019,0.006,0.721
2026-07-01,4,3,0,3,3,53,Low,hallucinated_source,1.2530000000000001,0.0,0.0,0.0,0.0,-1.253
2026-07-02,1,4,0,3,2,40,Low,hallucinated_source,2.36,-1.0,-1.0,-1.0,-1.0,-3.36
2026-07-03,2,4,0,3,3,48,Low,hallucinated_source,-1.106,-1.741,-1.741,-1.741,-1.741,-0.635
2026-07-06,2,4,2,3,3,58,Low,restriction_breach,-0.649,0.261,-0.40700000000000003,0.261,0.038,0.687
2026-07-07,2,4,1,2,2,44,Low,restriction_breach,-0.99,-1.411,-1.1079999999999999,-1.115,-1.211,-0.221
2026-07-09,2,3,1,3,3,49,Low,restriction_breach,1.145,0.0,0.0,0.0,0.0,-1.145
2026-07-10,3,4,0,3,3,53,Low,hallucinated_source,0.0,-1.0,-1.0,0.0,-0.667,-0.667
2026-07-13,2,3,2,3,3,54,Low,restriction_breach,0.6589999999999999,0.0,0.0,0.0,0.0,-0.659
2026-07-14,3,4,2,3,3,63,Moderate,none,-0.832,-1.0,0.0,0.0,-0.333,0.499
2026-07-15,3,4,1,3,2,54,Low,restriction_breach,-2.0,-1.0,-1.0,-1.0,-1.0,1.0
2026-07-16,3,3,2,3,3,59,Low,restriction_breach,1.506,1.037,1.037,1.037,1.037,-0.469
2026-07-17,4,5,0,3,3,59,Low,hallucinated_source,1.202,0.0,-1.0,-0.602,-0.534,-1.736
2026-07-20,4,3,0,2,3,48,Low,hallucinated_source,-3.0,-1.0,0.0,-1.0,-0.667,2.333
2026-07-21,3,4,2,3,3,63,Moderate,restriction_breach,-1.9,-1.0,0.0,0.0,-0.333,1.567
2026-07-22,3,4,2,3,3,63,Moderate,restriction_breach,1.958,0.0,-1.0,0.0,-0.333,-2.291
2026-07-23,3,4,2,3,3,63,Moderate,restriction_breach,0.1319999999999999,-0.525,-0.525,-0.525,-0.525,-0.657
2026-07-24,3,4,2,3,3,63,Moderate,restriction_breach,0.3440000000000001,0.0,1.257,0.6379999999999999,0.632,0.288
2026-07-27,3,4,2,3,3,63,Moderate,restriction_breach,1.058,-1.0,0.58,0.0,-0.14,-1.198
2026-07-28,2,3,2,3,3,54,Low,restriction_breach,6.599,2.626,2.625,0.0,1.75,-4.849
2026-07-29,3,4,2,3,3,63,Moderate,none,0.213,-1.9609999999999999,-1.9609999999999999,-1.794,-1.905,-2.118
2026-07-30,2,3,2,3,2,50,Low,restriction_breach,-0.341,2.223,2.223,2.223,2.223,2.564
2026-07-31,3,4,0,2,3,48,Low,hallucinated_source,-1.95,-1.244,-1.244,-1.404,-1.297,0.653
