asset,date,n_prior_sessions,last_bar_date,prev_close_full,prev_open_full,prev_high_full,prev_low_full,atr14_full,rsi2_full,d_full_P,d_full_R1,d_full_S1,d_full_R2,d_full_S2,d_full_R3,d_full_S3,prev_open_cash,prev_high_cash,prev_low_cash,prev_close_cash,atr14_cash,rsi2_cash,d_cash_P,d_cash_R1,d_cash_S1,d_cash_R2,d_cash_S2,d_cash_R3,d_cash_S3,w_full_period,w_full_P,w_full_R1,w_full_S1,w_full_R2,w_full_S2,w_full_R3,w_full_S3,w_cash_period,w_cash_P,w_cash_R1,w_cash_S1,w_cash_R2,w_cash_S2,w_cash_R3,w_cash_S3,m_full_period,m_full_P,m_full_R1,m_full_S1,m_full_R2,m_full_S2,m_full_R3,m_full_S3,m_cash_period,m_cash_P,m_cash_R1,m_cash_S1,m_cash_R2,m_cash_S2,m_cash_R3,m_cash_S3,swing_high_5d_full,swing_low_5d_full,swing_high_25d_full,swing_low_25d_full,swing_high_5d_cash,swing_low_5d_cash,swing_high_25d_cash,swing_low_25d_cash
US500,2026-05-07,26,2026-05-06,7365.1,7275.5,7374.9,7272.9,79.6143,100.0,7337.6333,7402.3667,7300.3667,7439.6333,7235.6333,7504.3667,7198.3667,7310.4,7374.9,7306.9,7366.4,71.8429,100.0,7349.4,7391.9,7323.9,7417.4,7281.4,7459.9,7255.9,2026-W18,7202.0667,7297.8333,7127.5333,7372.3667,7031.7667,7468.1333,6957.2333,2026-W18,7207.4333,7302.4667,7138.2667,7371.6333,7043.2333,7466.6667,6974.0667,2026-04,6970.3,7479.8,6712.9,7737.2,6203.4,8246.7,5946.0,2026-04,6970.7,7469.7,6714.7,7725.7,6215.7,8224.7,5959.7,7374.9,7109.2,7374.9,6460.8,7374.9,7132.7,7374.9,6471.7
US500,2026-05-08,27,2026-05-07,7332.8,7359.7,7390.6,7325.6,76.3786,73.7612,7349.6667,7373.7333,7308.7333,7414.6667,7284.6667,7438.7333,7243.7333,7379.6,7389.6,7325.6,7344.6,68.5714,82.1895,7353.2667,7380.9333,7316.9333,7417.2667,7289.2667,7444.9333,7252.9333,2026-W18,7202.0667,7297.8333,7127.5333,7372.3667,7031.7667,7468.1333,6957.2333,2026-W18,7207.4333,7302.4667,7138.2667,7371.6333,7043.2333,7466.6667,6974.0667,2026-04,6970.3,7479.8,6712.9,7737.2,6203.4,8246.7,5946.0,2026-04,6970.7,7469.7,6714.7,7725.7,6215.7,8224.7,5959.7,7390.6,7177.5,7390.6,6526.9,7389.6,7177.5,7389.6,6471.7
US500,2026-05-11,28,2026-05-08,7401.1,7323.1,7407.5,7323.1,76.8786,67.8926,7377.2333,7431.3667,7346.9667,7461.6333,7292.8333,7515.7667,7262.5667,7375.6,7407.5,7371.8,7400.6,70.3643,71.9794,7393.3,7414.8,7379.1,7429.0,7357.6,7450.5,7343.4,2026-W19,7328.7,7479.9,7249.9,7558.7,7098.7,7709.9,7019.9,2026-W19,7328.5333,7479.5667,7249.5667,7558.5333,7098.5333,7709.5667,7019.5667,2026-04,6970.3,7479.8,6712.9,7737.2,6203.4,8246.7,5946.0,2026-04,6970.7,7469.7,6714.7,7725.7,6215.7,8224.7,5959.7,7407.5,7177.5,7407.5,6526.9,7407.5,7177.5,7407.5,6533.3
US500,2026-05-12,29,2026-05-11,7416.2,7387.4,7435.0,7372.2,74.3857,100.0,7407.8,7443.4,7380.6,7470.6,7345.0,7506.2,7317.8,7391.3,7435.0,7391.3,7419.7,67.2357,100.0,7415.3333,7439.3667,7395.6667,7459.0333,7371.6333,7483.0667,7351.9667,2026-W19,7328.7,7479.9,7249.9,7558.7,7098.7,7709.9,7019.9,2026-W19,7328.5333,7479.5667,7249.5667,7558.5333,7098.5333,7709.5667,7019.5667,2026-04,6970.3,7479.8,6712.9,7737.2,6203.4,8246.7,5946.0,2026-04,6970.7,7469.7,6714.7,7725.7,6215.7,8224.7,5959.7,7435.0,7202.1,7435.0,6533.3,7435.0,7242.9,7435.0,6533.3
US500,2026-05-13,30,2026-05-12,7402.0,7417.9,7425.5,7345.3,76.55,51.5358,7390.9333,7436.5667,7356.3667,7471.1333,7310.7333,7516.7667,7276.1667,7396.3,7415.5,7345.3,7409.8,67.35,65.8621,7390.2,7435.1,7364.9,7460.4,7320.0,7505.3,7294.7,2026-W19,7328.7,7479.9,7249.9,7558.7,7098.7,7709.9,7019.9,2026-W19,7328.5333,7479.5667,7249.5667,7558.5333,7098.5333,7709.5667,7019.5667,2026-04,6970.3,7479.8,6712.9,7737.2,6203.4,8246.7,5946.0,2026-04,6970.7,7469.7,6714.7,7725.7,6215.7,8224.7,5959.7,7435.0,7272.9,7435.0,6616.6,7435.0,7306.9,7435.0,6742.3
US500,2026-05-14,31,2026-05-13,7458.5,7404.1,7466.0,7381.5,75.35,79.9151,7435.3333,7489.1667,7404.6667,7519.8333,7350.8333,7573.6667,7320.1667,7412.0,7466.0,7381.5,7451.5,66.15,80.814,7433.0,7484.5,7400.0,7517.5,7348.5,7569.0,7315.5,2026-W19,7328.7,7479.9,7249.9,7558.7,7098.7,7709.9,7019.9,2026-W19,7328.5333,7479.5667,7249.5667,7558.5333,7098.5333,7709.5667,7019.5667,2026-04,6970.3,7479.8,6712.9,7737.2,6203.4,8246.7,5946.0,2026-04,6970.7,7469.7,6714.7,7725.7,6215.7,8224.7,5959.7,7466.0,7323.1,7466.0,6731.2,7466.0,7325.6,7466.0,6763.4
US500,2026-05-15,32,2026-05-14,7504.1,7458.4,7522.9,7454.1,75.3857,100.0,7493.7,7533.3,7464.5,7562.5,7424.9,7602.1,7395.7,7463.9,7522.9,7462.9,7509.1,67.0143,100.0,7498.3,7533.7,7473.7,7558.3,7438.3,7593.7,7413.7,2026-W19,7328.7,7479.9,7249.9,7558.7,7098.7,7709.9,7019.9,2026-W19,7328.5333,7479.5667,7249.5667,7558.5333,7098.5333,7709.5667,7019.5667,2026-04,6970.3,7479.8,6712.9,7737.2,6203.4,8246.7,5946.0,2026-04,6970.7,7469.7,6714.7,7725.7,6215.7,8224.7,5959.7,7522.9,7323.1,7522.9,6731.2,7522.9,7345.3,7522.9,6790.6
US500,2026-05-18,33,2026-05-15,7400.8,7505.5,7510.5,7391.9,81.0643,30.6246,7434.4,7476.9,7358.3,7553.0,7315.8,7595.5,7239.7,7442.3,7458.0,7402.8,7416.0,72.2286,38.2216,7425.6,7448.4,7393.2,7480.8,7370.4,7503.6,7338.0,2026-W20,7423.0,7500.7,7323.1,7600.6,7245.4,7678.3,7145.5,2026-W20,7428.0667,7510.8333,7333.2333,7605.6667,7250.4667,7688.4333,7155.6333,2026-04,6970.3,7479.8,6712.9,7737.2,6203.4,8246.7,5946.0,2026-04,6970.7,7469.7,6714.7,7725.7,6215.7,8224.7,5959.7,7522.9,7345.3,7522.9,6731.2,7522.9,7345.3,7522.9,6790.6
US500,2026-05-19,34,2026-05-18,7405.2,7397.4,7438.5,7358.0,81.3357,4.0854,7400.5667,7443.1333,7362.6333,7481.0667,7320.0667,7523.6333,7282.1333,7423.0,7438.5,7358.0,7411.0,73.6929,0.0,7402.5,7447.0,7366.5,7483.0,7322.0,7527.5,7286.0,2026-W20,7423.0,7500.7,7323.1,7600.6,7245.4,7678.3,7145.5,2026-W20,7428.0667,7510.8333,7333.2333,7605.6667,7250.4667,7688.4333,7155.6333,2026-04,6970.3,7479.8,6712.9,7737.2,6203.4,8246.7,5946.0,2026-04,6970.7,7469.7,6714.7,7725.7,6215.7,8224.7,5959.7,7522.9,7345.3,7522.9,6885.0,7522.9,7345.3,7522.9,6902.2
US500,2026-05-20,35,2026-05-19,7356.3,7407.9,7425.0,7339.1,83.2786,8.2552,7373.4667,7407.8333,7321.9333,7459.3667,7287.5667,7493.7333,7236.0333,7371.0,7399.8,7339.1,7362.3,76.1286,0.0,7367.0667,7395.0333,7334.3333,7427.7667,7306.3667,7455.7333,7273.6333,2026-W20,7423.0,7500.7,7323.1,7600.6,7245.4,7678.3,7145.5,2026-W20,7428.0667,7510.8333,7333.2333,7605.6667,7250.4667,7688.4333,7155.6333,2026-04,6970.3,7479.8,6712.9,7737.2,6203.4,8246.7,5946.0,2026-04,6970.7,7469.7,6714.7,7725.7,6215.7,8224.7,5959.7,7522.9,7339.1,7522.9,6957.1,7522.9,7339.1,7522.9,6969.0
US500,2026-05-21,36,2026-05-20,7420.6,7360.9,7443.0,7341.4,82.0714,56.8021,7401.6667,7461.9333,7360.3333,7503.2667,7300.0667,7563.5333,7258.7333,7379.9,7443.0,7362.3,7436.8,75.1786,60.4708,7414.0333,7465.7667,7385.0667,7494.7333,7333.3333,7546.4667,7304.3667,2026-W20,7423.0,7500.7,7323.1,7600.6,7245.4,7678.3,7145.5,2026-W20,7428.0667,7510.8333,7333.2333,7605.6667,7250.4667,7688.4333,7155.6333,2026-04,6970.3,7479.8,6712.9,7737.2,6203.4,8246.7,5946.0,2026-04,6970.7,7469.7,6714.7,7725.7,6215.7,8224.7,5959.7,7522.9,7339.1,7522.9,7012.1,7522.9,7339.1,7522.9,7012.1
US500,2026-05-22,37,2026-05-21,7452.3,7416.6,7471.8,7392.9,83.7929,100.0,7439.0,7485.1,7406.2,7517.9,7360.1,7564.0,7327.3,7408.6,7471.8,7394.1,7450.3,76.2357,100.0,7438.7333,7483.3667,7405.6667,7516.4333,7361.0333,7561.0667,7327.9667,2026-W20,7423.0,7500.7,7323.1,7600.6,7245.4,7678.3,7145.5,2026-W20,7428.0667,7510.8333,7333.2333,7605.6667,7250.4667,7688.4333,7155.6333,2026-04,6970.3,7479.8,6712.9,7737.2,6203.4,8246.7,5946.0,2026-04,6970.7,7469.7,6714.7,7725.7,6215.7,8224.7,5959.7,7510.5,7339.1,7522.9,7041.6,7471.8,7339.1,7522.9,7050.7
US500,2026-05-25,38,2026-05-22,7470.9,7454.0,7509.2,7452.9,82.1857,100.0,7477.6667,7502.4333,7446.1333,7533.9667,7421.3667,7558.7333,7389.8333,7482.5,7509.2,7464.5,7475.7,75.35,100.0,7483.1333,7501.7667,7457.0667,7527.8333,7438.4333,7546.4667,7412.3667,2026-W21,7439.7333,7540.3667,7370.2667,7609.8333,7269.6333,7710.4667,7200.1667,2026-W21,7441.3333,7543.5667,7373.4667,7611.4333,7271.2333,7713.6667,7203.3667,2026-04,6970.3,7479.8,6712.9,7737.2,6203.4,8246.7,5946.0,2026-04,6970.7,7469.7,6714.7,7725.7,6215.7,8224.7,5959.7,7509.2,7339.1,7522.9,7050.7,7509.2,7339.1,7522.9,7050.7
US500,2026-05-26,39,2026-05-25,7552.7,7511.4,7557.4,7510.1,82.6143,100.0,7540.0667,7570.0333,7522.7333,7587.3667,7492.7667,7617.3333,7475.4333,7546.7,7557.4,7542.2,7552.7,76.2643,100.0,7550.7667,7559.3333,7544.1333,7565.9667,7535.5667,7574.5333,7528.9333,2026-W21,7439.7333,7540.3667,7370.2667,7609.8333,7269.6333,7710.4667,7200.1667,2026-W21,7441.3333,7543.5667,7373.4667,7611.4333,7271.2333,7713.6667,7203.3667,2026-04,6970.3,7479.8,6712.9,7737.2,6203.4,8246.7,5946.0,2026-04,6970.7,7469.7,6714.7,7725.7,6215.7,8224.7,5959.7,7557.4,7339.1,7557.4,7050.7,7557.4,7339.1,7557.4,7050.7
US500,2026-05-27,40,2026-05-26,7521.5,7553.6,7553.6,7505.5,78.7643,72.3894,7526.8667,7548.2333,7500.1333,7574.9667,7478.7667,7596.3333,7452.0333,7522.8,7543.5,7505.5,7527.5,71.8429,75.3425,7525.5,7545.5,7507.5,7563.5,7487.5,7583.5,7469.5,2026-W21,7439.7333,7540.3667,7370.2667,7609.8333,7269.6333,7710.4667,7200.1667,2026-W21,7441.3333,7543.5667,7373.4667,7611.4333,7271.2333,7713.6667,7203.3667,2026-04,6970.3,7479.8,6712.9,7737.2,6203.4,8246.7,5946.0,2026-04,6970.7,7469.7,6714.7,7725.7,6215.7,8224.7,5959.7,7557.4,7341.4,7557.4,7050.7,7557.4,7362.3,7557.4,7050.7
US500,2026-05-28,41,2026-05-27,7543.0,7524.7,7559.5,7504.3,78.0643,40.797,7535.6,7566.9,7511.7,7590.8,7480.4,7622.1,7456.5,7531.0,7536.0,7504.3,7528.5,69.5357,3.8168,7522.9333,7541.5667,7509.8667,7554.6333,7491.2333,7573.2667,7478.1667,2026-W21,7439.7333,7540.3667,7370.2667,7609.8333,7269.6333,7710.4667,7200.1667,2026-W21,7441.3333,7543.5667,7373.4667,7611.4333,7271.2333,7713.6667,7203.3667,2026-04,6970.3,7479.8,6712.9,7737.2,6203.4,8246.7,5946.0,2026-04,6970.7,7469.7,6714.7,7725.7,6215.7,8224.7,5959.7,7559.5,7392.9,7559.5,7050.7,7557.4,7394.1,7557.4,7050.7
US500,2026-05-29,42,2026-05-28,7578.2,7544.3,7580.5,7495.7,78.0929,100.0,7551.4667,7607.2333,7522.4333,7636.2667,7466.6667,7692.0333,7437.6333,7525.0,7576.2,7515.5,7572.5,69.3786,100.0,7554.7333,7593.9667,7533.2667,7615.4333,7494.0333,7654.6667,7472.5667,2026-W21,7439.7333,7540.3667,7370.2667,7609.8333,7269.6333,7710.4667,7200.1667,2026-W21,7441.3333,7543.5667,7373.4667,7611.4333,7271.2333,7713.6667,7203.3667,2026-04,6970.3,7479.8,6712.9,7737.2,6203.4,8246.7,5946.0,2026-04,6970.7,7469.7,6714.7,7725.7,6215.7,8224.7,5959.7,7580.5,7452.9,7580.5,7106.3,7576.2,7464.5,7576.2,7112.4
US500,2026-06-01,43,2026-05-29,7581.1,7578.6,7601.8,7563.1,76.3714,100.0,7582.0,7600.9,7562.2,7620.7,7543.3,7639.6,7523.5,7581.1,7601.8,7567.9,7584.8,68.6786,100.0,7584.8333,7601.7667,7567.8667,7618.7333,7550.9333,7635.6667,7533.9667,2026-W22,7559.5333,7623.3667,7517.2667,7665.6333,7453.4333,7729.4667,7411.1667,2026-W22,7563.6333,7622.9667,7525.4667,7661.1333,7466.1333,7720.4667,7427.9667,2026-05,7453.4667,7729.4333,7305.1333,7877.7667,7029.1667,8153.7333,6880.8333,2026-05,7454.7,7731.9,7307.6,7879.0,7030.4,8156.2,6883.3,7601.8,7495.7,7601.8,7106.3,7601.8,7504.3,7601.8,7112.4
US500,2026-06-02,44,2026-06-01,7600.2,7587.2,7623.6,7568.5,74.5786,100.0,7597.4333,7626.3667,7571.2667,7652.5333,7542.3333,7681.4667,7516.1667,7575.2,7623.6,7568.5,7606.0,67.3,100.0,7599.3667,7630.2333,7575.1333,7654.4667,7544.2667,7685.3333,7520.0333,2026-W22,7559.5333,7623.3667,7517.2667,7665.6333,7453.4333,7729.4667,7411.1667,2026-W22,7563.6333,7622.9667,7525.4667,7661.1333,7466.1333,7720.4667,7427.9667,2026-05,7453.4667,7729.4333,7305.1333,7877.7667,7029.1667,8153.7333,6880.8333,2026-05,7454.7,7731.9,7307.6,7879.0,7030.4,8156.2,6883.3,7623.6,7495.7,7623.6,7106.3,7623.6,7504.3,7623.6,7112.4
US500,2026-06-03,45,2026-06-02,7621.3,7602.3,7624.6,7569.0,72.5143,100.0,7604.9667,7640.9333,7585.3333,7660.5667,7549.3667,7696.5333,7529.7333,7590.8,7624.6,7588.3,7615.8,63.8571,100.0,7609.5667,7630.8333,7594.5333,7645.8667,7573.2667,7667.1333,7558.2333,2026-W22,7559.5333,7623.3667,7517.2667,7665.6333,7453.4333,7729.4667,7411.1667,2026-W22,7563.6333,7622.9667,7525.4667,7661.1333,7466.1333,7720.4667,7427.9667,2026-05,7453.4667,7729.4333,7305.1333,7877.7667,7029.1667,8153.7333,6880.8333,2026-05,7454.7,7731.9,7307.6,7879.0,7030.4,8156.2,6883.3,7624.6,7495.7,7624.6,7106.3,7624.6,7504.3,7624.6,7112.4
US500,2026-06-04,46,2026-06-03,7538.7,7620.6,7620.6,7535.2,73.75,20.3472,7564.8333,7594.4667,7509.0667,7650.2333,7479.4333,7679.8667,7423.6667,7602.0,7608.0,7556.0,7565.2,63.0286,16.2252,7576.4,7596.8,7544.8,7628.4,7524.4,7648.8,7492.8,2026-W22,7559.5333,7623.3667,7517.2667,7665.6333,7453.4333,7729.4667,7411.1667,2026-W22,7563.6333,7622.9667,7525.4667,7661.1333,7466.1333,7720.4667,7427.9667,2026-05,7453.4667,7729.4333,7305.1333,7877.7667,7029.1667,8153.7333,6880.8333,2026-05,7454.7,7731.9,7307.6,7879.0,7030.4,8156.2,6883.3,7624.6,7495.7,7624.6,7109.2,7624.6,7515.5,7624.6,7132.7
US500,2026-06-05,47,2026-06-04,7582.1,7526.6,7604.3,7517.8,71.4571,34.4444,7568.0667,7618.3333,7531.8333,7654.5667,7481.5667,7704.8333,7445.3333,7541.3,7604.3,7535.0,7592.7,60.3857,35.2113,7577.3333,7619.6667,7550.3667,7646.6333,7508.0333,7688.9667,7481.0667,2026-W22,7559.5333,7623.3667,7517.2667,7665.6333,7453.4333,7729.4667,7411.1667,2026-W22,7563.6333,7622.9667,7525.4667,7661.1333,7466.1333,7720.4667,7427.9667,2026-05,7453.4667,7729.4333,7305.1333,7877.7667,7029.1667,8153.7333,6880.8333,2026-05,7454.7,7731.9,7307.6,7879.0,7030.4,8156.2,6883.3,7624.6,7517.8,7624.6,7177.5,7624.6,7535.0,7624.6,7177.5
US500,2026-06-08,48,2026-06-05,7362.0,7581.4,7583.1,7352.3,82.1929,16.4706,7432.4667,7512.6333,7281.8333,7663.2667,7201.6667,7743.4333,7051.0333,7540.5,7545.3,7372.8,7392.5,70.3429,12.0773,7436.8667,7500.9333,7328.4333,7609.3667,7264.3667,7673.4333,7155.9333,2026-W23,7446.3,7540.3,7268.0,7718.6,7174.0,7812.6,6995.7,2026-W23,7463.3,7553.8,7302.0,7715.1,7211.5,7805.6,7050.2,2026-05,7453.4667,7729.4333,7305.1333,7877.7667,7029.1667,8153.7333,6880.8333,2026-05,7454.7,7731.9,7307.6,7879.0,7030.4,8156.2,6883.3,7624.6,7352.3,7624.6,7177.5,7624.6,7372.8,7624.6,7177.5
US500,2026-06-09,49,2026-06-08,7406.8,7369.4,7471.3,7350.5,84.6857,16.912,7409.5333,7468.5667,7347.7667,7530.3333,7288.7333,7589.3667,7226.9667,7451.8,7471.3,7398.8,7411.0,70.8357,8.4591,7427.0333,7455.2667,7382.7667,7499.5333,7354.5333,7527.7667,7310.2667,2026-W23,7446.3,7540.3,7268.0,7718.6,7174.0,7812.6,6995.7,2026-W23,7463.3,7553.8,7302.0,7715.1,7211.5,7805.6,7050.2,2026-05,7453.4667,7729.4333,7305.1333,7877.7667,7029.1667,8153.7333,6880.8333,2026-05,7454.7,7731.9,7307.6,7879.0,7030.4,8156.2,6883.3,7624.6,7350.5,7624.6,7202.1,7624.6,7372.8,7624.6,7242.9
US500,2026-06-10,50,2026-06-09,7383.6,7409.0,7486.4,7243.1,94.8071,65.8824,7371.0333,7498.9667,7255.6667,7614.3333,7127.7333,7742.2667,7012.3667,7454.4,7486.4,7243.1,7387.3,82.45,43.8389,7372.2667,7501.4333,7258.1333,7615.5667,7128.9667,7744.7333,7014.8333,2026-W23,7446.3,7540.3,7268.0,7718.6,7174.0,7812.6,6995.7,2026-W23,7463.3,7553.8,7302.0,7715.1,7211.5,7805.6,7050.2,2026-05,7453.4667,7729.4333,7305.1333,7877.7667,7029.1667,8153.7333,6880.8333,2026-05,7454.7,7731.9,7307.6,7879.0,7030.4,8156.2,6883.3,7620.6,7243.1,7624.6,7243.1,7608.0,7243.1,7624.6,7243.1
US500,2026-06-11,51,2026-06-10,7261.5,7379.0,7400.7,7252.3,99.7714,0.0,7304.8333,7357.3667,7208.9667,7453.2333,7156.4333,7505.7667,7060.5667,7351.1,7400.7,7271.5,7271.7,86.1286,0.0,7314.6333,7357.7667,7228.5667,7443.8333,7185.4333,7486.9667,7099.3667,2026-W23,7446.3,7540.3,7268.0,7718.6,7174.0,7812.6,6995.7,2026-W23,7463.3,7553.8,7302.0,7715.1,7211.5,7805.6,7050.2,2026-05,7453.4667,7729.4333,7305.1333,7877.7667,7029.1667,8153.7333,6880.8333,2026-05,7454.7,7731.9,7307.6,7879.0,7030.4,8156.2,6883.3,7604.3,7243.1,7624.6,7243.1,7604.3,7243.1,7624.6,7243.1
US500,2026-06-12,52,2026-06-11,7394.6,7260.2,7416.6,7229.3,109.0857,52.1552,7346.8333,7464.3667,7277.0667,7534.1333,7159.5333,7651.6667,7089.7667,7305.0,7416.6,7260.0,7391.9,93.1071,50.9754,7356.1667,7452.3333,7295.7333,7512.7667,7199.5667,7608.9333,7139.1333,2026-W23,7446.3,7540.3,7268.0,7718.6,7174.0,7812.6,6995.7,2026-W23,7463.3,7553.8,7302.0,7715.1,7211.5,7805.6,7050.2,2026-05,7453.4667,7729.4333,7305.1333,7877.7667,7029.1667,8153.7333,6880.8333,2026-05,7454.7,7731.9,7307.6,7879.0,7030.4,8156.2,6883.3,7583.1,7229.3,7624.6,7229.3,7545.3,7243.1,7624.6,7243.1
US500,2026-06-15,53,2026-06-12,7433.9,7395.1,7458.7,7363.9,109.6786,100.0,7418.8333,7473.7667,7378.9667,7513.6333,7324.0333,7568.5667,7284.1667,7420.9,7458.7,7363.9,7431.9,94.0429,100.0,7418.1667,7472.4333,7377.6333,7512.9667,7323.3667,7567.2333,7282.8333,2026-W24,7383.2,7537.1,7280.0,7640.3,7126.1,7794.2,7022.9,2026-W24,7387.1333,7531.1667,7287.8667,7630.4333,7143.8333,7774.4667,7044.5667,2026-05,7453.4667,7729.4333,7305.1333,7877.7667,7029.1667,8153.7333,6880.8333,2026-05,7454.7,7731.9,7307.6,7879.0,7030.4,8156.2,6883.3,7486.4,7229.3,7624.6,7229.3,7486.4,7243.1,7624.6,7243.1
US500,2026-06-16,54,2026-06-15,7559.4,7489.5,7583.4,7483.9,116.9214,100.0,7542.2333,7600.5667,7501.0667,7641.7333,7442.7333,7700.0667,7401.5667,7534.1,7583.4,7533.6,7563.4,101.4929,100.0,7560.1333,7586.6667,7536.8667,7609.9333,7510.3333,7636.4667,7487.0667,2026-W24,7383.2,7537.1,7280.0,7640.3,7126.1,7794.2,7022.9,2026-W24,7387.1333,7531.1667,7287.8667,7630.4333,7143.8333,7774.4667,7044.5667,2026-05,7453.4667,7729.4333,7305.1333,7877.7667,7029.1667,8153.7333,6880.8333,2026-05,7454.7,7731.9,7307.6,7879.0,7030.4,8156.2,6883.3,7583.4,7229.3,7624.6,7229.3,7583.4,7243.1,7624.6,7243.1
US500,2026-06-17,55,2026-06-16,7517.4,7562.6,7571.4,7513.1,117.1429,74.9254,7533.9667,7554.8333,7496.5333,7592.2667,7475.6667,7613.1333,7438.2333,7562.9,7571.4,7518.2,7522.9,103.0286,76.4535,7537.5,7556.8,7503.6,7590.7,7484.3,7610.0,7450.4,2026-W24,7383.2,7537.1,7280.0,7640.3,7126.1,7794.2,7022.9,2026-W24,7387.1333,7531.1667,7287.8667,7630.4333,7143.8333,7774.4667,7044.5667,2026-05,7453.4667,7729.4333,7305.1333,7877.7667,7029.1667,8153.7333,6880.8333,2026-05,7454.7,7731.9,7307.6,7879.0,7030.4,8156.2,6883.3,7583.4,7229.3,7624.6,7229.3,7583.4,7260.0,7624.6,7243.1
US500,2026-06-18,56,2026-06-17,7446.2,7522.3,7548.3,7408.5,121.0714,0.0,7467.6667,7526.8333,7387.0333,7607.4667,7327.8667,7666.6333,7247.2333,7531.7,7540.0,7408.5,7427.5,108.0857,0.0,7458.6667,7508.8333,7377.3333,7590.1667,7327.1667,7640.3333,7245.8333,2026-W24,7383.2,7537.1,7280.0,7640.3,7126.1,7794.2,7022.9,2026-W24,7387.1333,7531.1667,7287.8667,7630.4333,7143.8333,7774.4667,7044.5667,2026-05,7453.4667,7729.4333,7305.1333,7877.7667,7029.1667,8153.7333,6880.8333,2026-05,7454.7,7731.9,7307.6,7879.0,7030.4,8156.2,6883.3,7583.4,7229.3,7624.6,7229.3,7583.4,7260.0,7624.6,7243.1
US500,2026-06-19,57,2026-06-18,7510.5,7451.4,7519.5,7441.1,123.9071,47.4539,7490.3667,7539.6333,7461.2333,7568.7667,7411.9667,7618.0333,7382.8333,7514.1,7518.3,7472.6,7502.3,112.15,43.9483,7497.7333,7522.8667,7477.1667,7543.4333,7452.0333,7568.5667,7431.4667,2026-W24,7383.2,7537.1,7280.0,7640.3,7126.1,7794.2,7022.9,2026-W24,7387.1333,7531.1667,7287.8667,7630.4333,7143.8333,7774.4667,7044.5667,2026-05,7453.4667,7729.4333,7305.1333,7877.7667,7029.1667,8153.7333,6880.8333,2026-05,7454.7,7731.9,7307.6,7879.0,7030.4,8156.2,6883.3,7583.4,7363.9,7624.6,7229.3,7583.4,7363.9,7624.6,7243.1
US500,2026-06-22,58,2026-06-19,7494.2,7513.8,7517.6,7458.3,124.2071,79.7767,7490.0333,7521.7667,7462.4667,7549.3333,7430.7333,7581.0667,7403.1667,7496.5,7506.0,7491.6,7494.2,109.2429,90.2292,7497.2667,7502.9333,7488.5333,7511.6667,7482.8667,7517.3333,7474.1333,2026-W25,7495.3667,7582.2333,7407.3333,7670.2667,7320.4667,7757.1333,7232.4333,2026-W25,7495.3667,7582.2333,7407.3333,7670.2667,7320.4667,7757.1333,7232.4333,2026-05,7453.4667,7729.4333,7305.1333,7877.7667,7029.1667,8153.7333,6880.8333,2026-05,7454.7,7731.9,7307.6,7879.0,7030.4,8156.2,6883.3,7583.4,7408.5,7624.6,7229.3,7583.4,7408.5,7624.6,7243.1
US500,2026-06-23,59,2026-06-22,7481.8,7480.6,7538.8,7453.0,126.3643,0.0,7491.2,7529.4,7443.6,7577.0,7405.4,7615.2,7357.8,7513.1,7538.8,7467.3,7479.3,111.7571,0.0,7495.1333,7522.9667,7451.4667,7566.6333,7423.6333,7594.4667,7379.9667,2026-W25,7495.3667,7582.2333,7407.3333,7670.2667,7320.4667,7757.1333,7232.4333,2026-W25,7495.3667,7582.2333,7407.3333,7670.2667,7320.4667,7757.1333,7232.4333,2026-05,7453.4667,7729.4333,7305.1333,7877.7667,7029.1667,8153.7333,6880.8333,2026-05,7454.7,7731.9,7307.6,7879.0,7030.4,8156.2,6883.3,7571.4,7408.5,7624.6,7229.3,7571.4,7408.5,7624.6,7243.1
US500,2026-06-24,60,2026-06-23,7386.4,7484.1,7488.0,7356.2,129.6286,0.0,7410.2,7464.2,7332.4,7542.0,7278.4,7596.0,7200.6,7370.4,7431.8,7356.2,7374.4,116.2786,0.0,7387.4667,7418.7333,7343.1333,7463.0667,7311.8667,7494.3333,7267.5333,2026-W25,7495.3667,7582.2333,7407.3333,7670.2667,7320.4667,7757.1333,7232.4333,2026-W25,7495.3667,7582.2333,7407.3333,7670.2667,7320.4667,7757.1333,7232.4333,2026-05,7453.4667,7729.4333,7305.1333,7877.7667,7029.1667,8153.7333,6880.8333,2026-05,7454.7,7731.9,7307.6,7879.0,7030.4,8156.2,6883.3,7548.3,7356.2,7624.6,7229.3,7540.0,7356.2,7624.6,7243.1
US500,2026-06-25,61,2026-06-24,7418.0,7390.4,7438.0,7346.0,130.0214,24.8819,7400.6667,7455.3333,7363.3333,7492.6667,7308.6667,7547.3333,7271.3333,7389.0,7438.0,7346.0,7372.3,117.9,0.0,7385.4333,7424.8667,7332.8667,7477.4333,7293.4333,7516.8667,7240.8667,2026-W25,7495.3667,7582.2333,7407.3333,7670.2667,7320.4667,7757.1333,7232.4333,2026-W25,7495.3667,7582.2333,7407.3333,7670.2667,7320.4667,7757.1333,7232.4333,2026-05,7453.4667,7729.4333,7305.1333,7877.7667,7029.1667,8153.7333,6880.8333,2026-05,7454.7,7731.9,7307.6,7879.0,7030.4,8156.2,6883.3,7538.8,7346.0,7624.6,7229.3,7538.8,7346.0,7624.6,7243.1
US500,2026-06-26,62,2026-06-25,7377.2,7420.1,7438.0,7332.9,121.0429,43.6464,7382.7,7432.5,7327.4,7487.8,7277.6,7537.6,7222.3,7427.9,7432.6,7332.9,7365.9,109.3143,0.0,7377.1333,7421.3667,7321.6667,7476.8333,7277.4333,7521.0667,7221.9667,2026-W25,7495.3667,7582.2333,7407.3333,7670.2667,7320.4667,7757.1333,7232.4333,2026-W25,7495.3667,7582.2333,7407.3333,7670.2667,7320.4667,7757.1333,7232.4333,2026-05,7453.4667,7729.4333,7305.1333,7877.7667,7029.1667,8153.7333,6880.8333,2026-05,7454.7,7731.9,7307.6,7879.0,7030.4,8156.2,6883.3,7538.8,7332.9,7624.6,7229.3,7538.8,7332.9,7624.6,7243.1
US500,2026-06-29,63,2026-06-26,7345.6,7377.9,7402.1,7300.2,119.6929,0.0,7349.3,7398.4,7296.5,7451.2,7247.4,7500.3,7194.6,7323.8,7402.1,7303.1,7335.8,110.7571,0.0,7347.0,7390.9,7291.9,7446.0,7248.0,7489.9,7192.9,2026-W26,7394.8667,7489.5333,7250.9333,7633.4667,7156.2667,7728.1333,7012.3333,2026-W26,7392.5667,7482.0333,7246.3333,7628.2667,7156.8667,7717.7333,7010.6333,2026-05,7453.4667,7729.4333,7305.1333,7877.7667,7029.1667,8153.7333,6880.8333,2026-05,7454.7,7731.9,7307.6,7879.0,7030.4,8156.2,6883.3,7538.8,7300.2,7624.6,7229.3,7538.8,7303.1,7624.6,7243.1
US500,2026-06-30,64,2026-06-29,7440.3,7351.1,7450.6,7348.0,109.8143,74.9802,7412.9667,7477.9333,7375.3333,7515.5667,7310.3667,7580.5333,7272.7333,7403.0,7450.6,7355.1,7443.0,101.5786,78.0772,7416.2333,7477.3667,7381.8667,7511.7333,7320.7333,7572.8667,7286.3667,2026-W26,7394.8667,7489.5333,7250.9333,7633.4667,7156.2667,7728.1333,7012.3333,2026-W26,7392.5667,7482.0333,7246.3333,7628.2667,7156.8667,7717.7333,7010.6333,2026-05,7453.4667,7729.4333,7305.1333,7877.7667,7029.1667,8153.7333,6880.8333,2026-05,7454.7,7731.9,7307.6,7879.0,7030.4,8156.2,6883.3,7488.0,7300.2,7624.6,7229.3,7450.6,7303.1,7624.6,7243.1
US500,2026-07-01,65,2026-06-30,7487.2,7440.5,7513.4,7427.7,105.3357,100.0,7476.1,7524.5,7438.8,7561.8,7390.4,7610.2,7353.1,7446.2,7513.4,7441.7,7493.3,97.4714,100.0,7482.8,7523.9,7452.2,7554.5,7411.1,7595.6,7380.5,2026-W26,7394.8667,7489.5333,7250.9333,7633.4667,7156.2667,7728.1333,7012.3333,2026-W26,7392.5667,7482.0333,7246.3333,7628.2667,7156.8667,7717.7333,7010.6333,2026-06,7447.0333,7664.7667,7269.4667,7842.3333,7051.7333,8060.0667,6874.1667,2026-06,7453.6667,7664.2333,7282.7333,7835.1667,7072.1667,8045.7333,6901.2333,7513.4,7300.2,7624.6,7229.3,7513.4,7303.1,7624.6,7243.1
US500,2026-07-02,66,2026-07-01,7478.8,7489.8,7525.4,7452.6,97.1571,84.8101,7485.6,7518.6,7445.8,7558.4,7412.8,7591.4,7373.0,7478.6,7525.4,7452.6,7489.1,91.4857,92.2936,7489.0333,7525.4667,7452.6667,7561.8333,7416.2333,7598.2667,7379.8667,2026-W26,7394.8667,7489.5333,7250.9333,7633.4667,7156.2667,7728.1333,7012.3333,2026-W26,7392.5667,7482.0333,7246.3333,7628.2667,7156.8667,7717.7333,7010.6333,2026-06,7447.0333,7664.7667,7269.4667,7842.3333,7051.7333,8060.0667,6874.1667,2026-06,7453.6667,7664.2333,7282.7333,7835.1667,7072.1667,8045.7333,6901.2333,7525.4,7300.2,7624.6,7229.3,7525.4,7303.1,7624.6,7243.1
US500,2026-07-03,67,2026-07-02,7470.8,7484.3,7541.0,7427.0,98.5286,0.0,7479.6,7532.2,7418.2,7593.6,7365.6,7646.2,7304.2,7502.2,7541.0,7427.0,7472.8,92.8571,0.0,7480.2667,7533.5333,7419.5333,7594.2667,7366.2667,7647.5333,7305.5333,2026-W26,7394.8667,7489.5333,7250.9333,7633.4667,7156.2667,7728.1333,7012.3333,2026-W26,7392.5667,7482.0333,7246.3333,7628.2667,7156.8667,7717.7333,7010.6333,2026-06,7447.0333,7664.7667,7269.4667,7842.3333,7051.7333,8060.0667,6874.1667,2026-06,7453.6667,7664.2333,7282.7333,7835.1667,7072.1667,8045.7333,6901.2333,7541.0,7300.2,7624.6,7229.3,7541.0,7303.1,7624.6,7243.1
US500,2026-07-06,68,2026-07-03,7504.6,7474.7,7513.1,7472.2,90.8714,80.8612,7496.6333,7521.0667,7480.1667,7537.5333,7455.7333,7561.9667,7439.2667,7502.6,7509.6,7497.4,7504.6,84.6643,66.1123,7503.8667,7510.3333,7498.1333,7516.0667,7491.6667,7522.5333,7485.9333,2026-W27,7464.5333,7581.0667,7388.0667,7657.5333,7271.5333,7774.0667,7195.0667,2026-W27,7466.9,7578.7,7392.8,7652.8,7281.0,7764.6,7206.9,2026-06,7447.0333,7664.7667,7269.4667,7842.3333,7051.7333,8060.0667,6874.1667,2026-06,7453.6667,7664.2333,7282.7333,7835.1667,7072.1667,8045.7333,6901.2333,7541.0,7348.0,7624.6,7229.3,7541.0,7355.1,7624.6,7243.1
US500,2026-07-07,69,2026-07-06,7546.3,7515.9,7552.4,7488.1,91.3,100.0,7528.9333,7569.7667,7505.4667,7593.2333,7464.6333,7634.0667,7441.1667,7513.9,7552.4,7502.4,7542.6,84.4357,100.0,7532.4667,7562.5333,7512.5333,7582.4667,7482.4667,7612.5333,7462.5333,2026-W27,7464.5333,7581.0667,7388.0667,7657.5333,7271.5333,7774.0667,7195.0667,2026-W27,7466.9,7578.7,7392.8,7652.8,7281.0,7764.6,7206.9,2026-06,7447.0333,7664.7667,7269.4667,7842.3333,7051.7333,8060.0667,6874.1667,2026-06,7453.6667,7664.2333,7282.7333,7835.1667,7072.1667,8045.7333,6901.2333,7552.4,7427.0,7624.6,7229.3,7552.4,7427.0,7624.6,7243.1
US500,2026-07-08,70,2026-07-07,7502.5,7548.2,7551.7,7480.5,86.4,48.7719,7511.5667,7542.6333,7471.4333,7582.7667,7440.3667,7613.8333,7400.2333,7531.5,7538.4,7480.5,7504.3,79.4786,49.8034,7507.7333,7534.9667,7477.0667,7565.6333,7449.8333,7592.8667,7419.1667,2026-W27,7464.5333,7581.0667,7388.0667,7657.5333,7271.5333,7774.0667,7195.0667,2026-W27,7466.9,7578.7,7392.8,7652.8,7281.0,7764.6,7206.9,2026-06,7447.0333,7664.7667,7269.4667,7842.3333,7051.7333,8060.0667,6874.1667,2026-06,7453.6667,7664.2333,7282.7333,7835.1667,7072.1667,8045.7333,6901.2333,7552.4,7427.0,7620.6,7229.3,7552.4,7427.0,7608.0,7243.1
US500,2026-07-09,71,2026-07-08,7468.5,7494.2,7514.9,7420.5,87.5429,0.0,7467.9667,7515.4333,7421.0333,7562.3667,7373.5667,7609.8333,7326.6333,7459.6,7488.1,7421.1,7478.6,78.9357,0.0,7462.6,7504.1,7437.1,7529.6,7395.6,7571.1,7370.1,2026-W27,7464.5333,7581.0667,7388.0667,7657.5333,7271.5333,7774.0667,7195.0667,2026-W27,7466.9,7578.7,7392.8,7652.8,7281.0,7764.6,7206.9,2026-06,7447.0333,7664.7667,7269.4667,7842.3333,7051.7333,8060.0667,6874.1667,2026-06,7453.6667,7664.2333,7282.7333,7835.1667,7072.1667,8045.7333,6901.2333,7552.4,7420.5,7604.3,7229.3,7552.4,7421.1,7604.3,7243.1
US500,2026-07-10,72,2026-07-09,7538.8,7470.7,7547.4,7468.8,88.9429,67.4017,7518.3333,7567.8667,7489.2667,7596.9333,7439.7333,7646.4667,7410.6667,7498.8,7547.4,7482.3,7542.8,82.8214,71.4127,7524.1667,7566.0333,7500.9333,7589.2667,7459.0667,7631.1333,7435.8333,2026-W27,7464.5333,7581.0667,7388.0667,7657.5333,7271.5333,7774.0667,7195.0667,2026-W27,7466.9,7578.7,7392.8,7652.8,7281.0,7764.6,7206.9,2026-06,7447.0333,7664.7667,7269.4667,7842.3333,7051.7333,8060.0667,6874.1667,2026-06,7453.6667,7664.2333,7282.7333,7835.1667,7072.1667,8045.7333,6901.2333,7552.4,7420.5,7583.4,7229.3,7552.4,7421.1,7583.4,7243.1
US500,2026-07-13,73,2026-07-10,7579.9,7539.0,7579.9,7505.6,88.1214,100.0,7555.1333,7604.6667,7530.3667,7629.4333,7480.8333,7678.9667,7456.0667,7544.7,7579.5,7505.6,7574.2,82.9929,100.0,7553.1,7600.6,7526.7,7627.0,7479.2,7674.5,7452.8,2026-W28,7526.7667,7633.0333,7473.6333,7686.1667,7367.3667,7792.4333,7314.2333,2026-W28,7524.9333,7628.7667,7470.3667,7683.3333,7366.5333,7787.1667,7311.9667,2026-06,7447.0333,7664.7667,7269.4667,7842.3333,7051.7333,8060.0667,6874.1667,2026-06,7453.6667,7664.2333,7282.7333,7835.1667,7072.1667,8045.7333,6901.2333,7579.9,7420.5,7583.4,7229.3,7579.5,7421.1,7583.4,7243.1
US500,2026-07-14,74,2026-07-13,7510.2,7559.6,7570.7,7503.0,84.2,37.0939,7527.9667,7552.9333,7485.2333,7595.6667,7460.2667,7620.6333,7417.5333,7550.8,7565.8,7507.0,7518.2,79.0,35.9268,7530.3333,7553.6667,7494.8667,7589.1333,7471.5333,7612.4667,7436.0667,2026-W28,7526.7667,7633.0333,7473.6333,7686.1667,7367.3667,7792.4333,7314.2333,2026-W28,7524.9333,7628.7667,7470.3667,7683.3333,7366.5333,7787.1667,7311.9667,2026-06,7447.0333,7664.7667,7269.4667,7842.3333,7051.7333,8060.0667,6874.1667,2026-06,7453.6667,7664.2333,7282.7333,7835.1667,7072.1667,8045.7333,6901.2333,7579.9,7420.5,7583.4,7229.3,7579.5,7421.1,7583.4,7243.1
US500,2026-07-15,75,2026-07-14,7547.6,7514.1,7569.5,7488.4,83.4214,34.9206,7535.1667,7581.9333,7500.8333,7616.2667,7454.0667,7663.0333,7419.7333,7535.7,7559.7,7512.9,7546.4,75.7714,33.4917,7539.6667,7566.4333,7519.6333,7586.4667,7492.8667,7613.2333,7472.8333,2026-W28,7526.7667,7633.0333,7473.6333,7686.1667,7367.3667,7792.4333,7314.2333,2026-W28,7524.9333,7628.7667,7470.3667,7683.3333,7366.5333,7787.1667,7311.9667,2026-06,7447.0333,7664.7667,7269.4667,7842.3333,7051.7333,8060.0667,6874.1667,2026-06,7453.6667,7664.2333,7282.7333,7835.1667,7072.1667,8045.7333,6901.2333,7579.9,7420.5,7583.4,7229.3,7579.5,7421.1,7583.4,7260.0
US500,2026-07-16,76,2026-07-15,7572.8,7547.4,7582.8,7528.6,79.7857,100.0,7561.4,7594.2,7540.0,7615.6,7507.2,7648.4,7485.8,7569.1,7582.8,7528.6,7573.9,72.5214,100.0,7561.7667,7594.9333,7540.7333,7615.9667,7507.5667,7649.1333,7486.5333,2026-W28,7526.7667,7633.0333,7473.6333,7686.1667,7367.3667,7792.4333,7314.2333,2026-W28,7524.9333,7628.7667,7470.3667,7683.3333,7366.5333,7787.1667,7311.9667,2026-06,7447.0333,7664.7667,7269.4667,7842.3333,7051.7333,8060.0667,6874.1667,2026-06,7453.6667,7664.2333,7282.7333,7835.1667,7072.1667,8045.7333,6901.2333,7582.8,7468.8,7583.4,7229.3,7582.8,7482.3,7583.4,7260.0
US500,2026-07-17,77,2026-07-16,7526.2,7573.3,7589.5,7506.0,78.4714,35.0975,7540.5667,7575.1333,7491.6333,7624.0667,7457.0667,7658.6333,7408.1333,7554.0,7572.2,7506.0,7536.2,70.3,42.1779,7538.1333,7570.2667,7504.0667,7604.3333,7471.9333,7636.4667,7437.8667,2026-W28,7526.7667,7633.0333,7473.6333,7686.1667,7367.3667,7792.4333,7314.2333,2026-W28,7524.9333,7628.7667,7470.3667,7683.3333,7366.5333,7787.1667,7311.9667,2026-06,7447.0333,7664.7667,7269.4667,7842.3333,7051.7333,8060.0667,6874.1667,2026-06,7453.6667,7664.2333,7282.7333,7835.1667,7072.1667,8045.7333,6901.2333,7589.5,7488.4,7589.5,7300.2,7582.8,7505.6,7583.4,7303.1
US500,2026-07-20,78,2026-07-17,7455.3,7531.2,7533.1,7431.6,78.2214,0.0,7473.3333,7515.0667,7413.5667,7574.8333,7371.8333,7616.5667,7312.0667,7443.7,7497.3,7431.6,7456.6,69.5714,0.0,7461.8333,7492.0667,7426.3667,7527.5333,7396.1333,7557.7667,7360.6667,2026-W29,7492.1333,7552.6667,7394.7667,7650.0333,7334.2333,7710.5667,7236.8667,2026-W29,7490.3333,7549.0667,7397.8667,7641.5333,7339.1333,7700.2667,7246.6667,2026-06,7447.0333,7664.7667,7269.4667,7842.3333,7051.7333,8060.0667,6874.1667,2026-06,7453.6667,7664.2333,7282.7333,7835.1667,7072.1667,8045.7333,6901.2333,7589.5,7431.6,7589.5,7300.2,7582.8,7431.6,7583.4,7303.1
US500,2026-07-21,79,2026-07-20,7444.3,7450.1,7512.8,7437.8,77.4571,0.0,7464.9667,7492.1333,7417.1333,7539.9667,7389.9667,7567.1333,7342.1333,7495.3,7512.8,7439.3,7446.6,69.7,0.0,7466.2333,7493.1667,7419.6667,7539.7333,7392.7333,7566.6667,7346.1667,2026-W29,7492.1333,7552.6667,7394.7667,7650.0333,7334.2333,7710.5667,7236.8667,2026-W29,7490.3333,7549.0667,7397.8667,7641.5333,7339.1333,7700.2667,7246.6667,2026-06,7447.0333,7664.7667,7269.4667,7842.3333,7051.7333,8060.0667,6874.1667,2026-06,7453.6667,7664.2333,7282.7333,7835.1667,7072.1667,8045.7333,6901.2333,7589.5,7431.6,7589.5,7300.2,7582.8,7431.6,7582.8,7303.1
US500,2026-07-22,80,2026-07-21,7503.7,7447.5,7515.7,7435.0,78.0214,84.375,7484.8,7534.6,7453.9,7565.5,7404.1,7615.3,7373.2,7487.7,7515.7,7466.5,7508.0,69.4357,85.9944,7496.7333,7526.9667,7477.7667,7545.9333,7447.5333,7576.1667,7428.5667,2026-W29,7492.1333,7552.6667,7394.7667,7650.0333,7334.2333,7710.5667,7236.8667,2026-W29,7490.3333,7549.0667,7397.8667,7641.5333,7339.1333,7700.2667,7246.6667,2026-06,7447.0333,7664.7667,7269.4667,7842.3333,7051.7333,8060.0667,6874.1667,2026-06,7453.6667,7664.2333,7282.7333,7835.1667,7072.1667,8045.7333,6901.2333,7589.5,7431.6,7589.5,7300.2,7582.8,7431.6,7582.8,7303.1
US500,2026-07-23,81,2026-07-22,7506.5,7506.7,7525.5,7467.8,74.0,100.0,7499.9333,7532.0667,7474.3667,7557.6333,7442.2333,7589.7667,7416.6667,7490.3,7525.5,7488.0,7498.8,63.9714,86.9688,7504.1,7520.2,7482.7,7541.6,7466.6,7557.7,7445.2,2026-W29,7492.1333,7552.6667,7394.7667,7650.0333,7334.2333,7710.5667,7236.8667,2026-W29,7490.3333,7549.0667,7397.8667,7641.5333,7339.1333,7700.2667,7246.6667,2026-06,7447.0333,7664.7667,7269.4667,7842.3333,7051.7333,8060.0667,6874.1667,2026-06,7453.6667,7664.2333,7282.7333,7835.1667,7072.1667,8045.7333,6901.2333,7589.5,7431.6,7589.5,7300.2,7572.2,7431.6,7582.8,7303.1
US500,2026-07-24,82,2026-07-23,7418.0,7496.2,7513.0,7375.3,80.8143,3.0668,7435.4333,7495.5667,7357.8667,7573.1333,7297.7333,7633.2667,7220.1667,7416.7,7449.8,7375.3,7405.5,70.1643,0.0,7410.2,7445.1,7370.6,7484.7,7335.7,7519.6,7296.1,2026-W29,7492.1333,7552.6667,7394.7667,7650.0333,7334.2333,7710.5667,7236.8667,2026-W29,7490.3333,7549.0667,7397.8667,7641.5333,7339.1333,7700.2667,7246.6667,2026-06,7447.0333,7664.7667,7269.4667,7842.3333,7051.7333,8060.0667,6874.1667,2026-06,7453.6667,7664.2333,7282.7333,7835.1667,7072.1667,8045.7333,6901.2333,7533.1,7375.3,7589.5,7300.2,7525.5,7375.3,7582.8,7303.1
US500,2026-07-27,83,2026-07-24,7408.8,7415.2,7460.2,7395.6,80.8357,0.0,7421.5333,7447.4667,7382.8667,7486.1333,7356.9333,7512.0667,7318.2667,7407.6,7460.2,7395.6,7411.8,71.2071,6.3253,7422.5333,7449.4667,7384.8667,7487.1333,7357.9333,7514.0667,7320.2667,2026-W30,7436.5333,7497.7667,7347.5667,7586.7333,7286.3333,7647.9667,7197.3667,2026-W30,7437.5333,7499.7667,7349.5667,7587.7333,7287.3333,7649.9667,7199.3667,2026-06,7447.0333,7664.7667,7269.4667,7842.3333,7051.7333,8060.0667,6874.1667,2026-06,7453.6667,7664.2333,7282.7333,7835.1667,7072.1667,8045.7333,6901.2333,7525.5,7375.3,7589.5,7300.2,7525.5,7375.3,7582.8,7303.1
US500,2026-07-28,84,2026-07-27,7417.8,7471.0,7491.0,7382.9,83.4714,49.4505,7430.5667,7478.2333,7370.1333,7538.6667,7322.4667,7586.3333,7262.0333,7473.8,7480.3,7382.9,7415.5,73.7286,100.0,7426.2333,7469.5667,7372.1667,7523.6333,7328.8333,7566.9667,7274.7667,2026-W30,7436.5333,7497.7667,7347.5667,7586.7333,7286.3333,7647.9667,7197.3667,2026-W30,7437.5333,7499.7667,7349.5667,7587.7333,7287.3333,7649.9667,7199.3667,2026-06,7447.0333,7664.7667,7269.4667,7842.3333,7051.7333,8060.0667,6874.1667,2026-06,7453.6667,7664.2333,7282.7333,7835.1667,7072.1667,8045.7333,6901.2333,7525.5,7375.3,7589.5,7300.2,7525.5,7375.3,7582.8,7303.1
US500,2026-07-29,85,2026-07-28,7435.6,7422.2,7452.9,7384.6,81.6071,100.0,7424.3667,7464.1333,7395.8333,7492.6667,7356.0667,7532.4333,7327.5333,7417.4,7452.9,7384.6,7433.6,72.6643,100.0,7423.7,7462.8,7394.5,7492.0,7355.4,7531.1,7326.2,2026-W30,7436.5333,7497.7667,7347.5667,7586.7333,7286.3333,7647.9667,7197.3667,2026-W30,7437.5333,7499.7667,7349.5667,7587.7333,7287.3333,7649.9667,7199.3667,2026-06,7447.0333,7664.7667,7269.4667,7842.3333,7051.7333,8060.0667,6874.1667,2026-06,7453.6667,7664.2333,7282.7333,7835.1667,7072.1667,8045.7333,6901.2333,7525.5,7375.3,7589.5,7300.2,7525.5,7375.3,7582.8,7303.1
US500,2026-07-30,86,2026-07-29,7306.6,7435.8,7468.5,7292.2,88.5643,12.1253,7355.7667,7419.3333,7243.0333,7532.0667,7179.4667,7595.6333,7066.7333,7424.5,7450.5,7314.5,7317.5,77.4643,13.4873,7360.8333,7407.1667,7271.1667,7496.8333,7224.8333,7543.1667,7135.1667,2026-W30,7436.5333,7497.7667,7347.5667,7586.7333,7286.3333,7647.9667,7197.3667,2026-W30,7437.5333,7499.7667,7349.5667,7587.7333,7287.3333,7649.9667,7199.3667,2026-06,7447.0333,7664.7667,7269.4667,7842.3333,7051.7333,8060.0667,6874.1667,2026-06,7453.6667,7664.2333,7282.7333,7835.1667,7072.1667,8045.7333,6901.2333,7513.0,7292.2,7589.5,7292.2,7480.3,7314.5,7582.8,7303.1
US500,2026-07-31,87,2026-07-30,7445.4,7307.0,7465.9,7300.4,95.0786,51.8297,7403.9,7507.4,7341.9,7569.4,7238.4,7672.9,7176.4,7383.2,7447.4,7368.2,7439.7,81.4643,51.2799,7418.4333,7468.6667,7389.4667,7497.6333,7339.2333,7547.8667,7310.2667,2026-W30,7436.5333,7497.7667,7347.5667,7586.7333,7286.3333,7647.9667,7197.3667,2026-W30,7437.5333,7499.7667,7349.5667,7587.7333,7287.3333,7649.9667,7199.3667,2026-06,7447.0333,7664.7667,7269.4667,7842.3333,7051.7333,8060.0667,6874.1667,2026-06,7453.6667,7664.2333,7282.7333,7835.1667,7072.1667,8045.7333,6901.2333,7491.0,7292.2,7589.5,7292.2,7480.3,7314.5,7582.8,7303.1
US500,2026-08-03,88,2026-07-31,7480.4,7440.1,7510.4,7397.1,97.6786,100.0,7462.6333,7528.1667,7414.8667,7575.9333,7349.3333,7641.4667,7301.5667,7468.1,7510.4,7397.1,7487.4,84.7571,100.0,7464.9667,7532.8333,7419.5333,7578.2667,7351.6667,7646.1333,7306.2333,2026-W31,7427.6667,7563.1333,7344.9333,7645.8667,7209.4667,7781.3333,7126.7333,2026-W31,7437.4333,7560.3667,7364.4667,7633.3333,7241.5333,7756.2667,7168.5667,2026-07,7454.0333,7615.8667,7318.5667,7751.3333,7156.7333,7913.1667,7021.2667,2026-07,7461.5667,7608.6333,7340.3333,7729.8667,7193.2667,7876.9333,7072.0333,7510.4,7292.2,7589.5,7292.2,7510.4,7314.5,7582.8,7314.5
US500,2026-08-04,89,2026-08-03,7603.2,7521.4,7609.4,7515.4,101.1,100.0,7576.0,7636.6,7542.6,7670.0,7482.0,7730.6,7448.6,7517.7,7609.4,7515.4,7600.2,90.1286,100.0,7575.0,7634.6,7540.6,7669.0,7481.0,7728.6,7446.6,2026-W31,7427.6667,7563.1333,7344.9333,7645.8667,7209.4667,7781.3333,7126.7333,2026-W31,7437.4333,7560.3667,7364.4667,7633.3333,7241.5333,7756.2667,7168.5667,2026-07,7454.0333,7615.8667,7318.5667,7751.3333,7156.7333,7913.1667,7021.2667,2026-07,7461.5667,7608.6333,7340.3333,7729.8667,7193.2667,7876.9333,7072.0333,7609.4,7292.2,7609.4,7292.2,7609.4,7314.5,7609.4,7314.5
US500,2026-08-05,90,2026-08-04,7747.3,7603.4,7758.5,7602.2,108.3929,100.0,7702.6667,7803.1333,7646.8333,7858.9667,7546.3667,7959.4333,7490.5333,7630.3,7758.5,7629.3,7735.8,97.5643,100.0,7707.8667,7786.4333,7657.2333,7837.0667,7578.6667,7915.6333,7528.0333,2026-W31,7427.6667,7563.1333,7344.9333,7645.8667,7209.4667,7781.3333,7126.7333,2026-W31,7437.4333,7560.3667,7364.4667,7633.3333,7241.5333,7756.2667,7168.5667,2026-07,7454.0333,7615.8667,7318.5667,7751.3333,7156.7333,7913.1667,7021.2667,2026-07,7461.5667,7608.6333,7340.3333,7729.8667,7193.2667,7876.9333,7072.0333,7758.5,7292.2,7758.5,7292.2,7758.5,7314.5,7758.5,7314.5
US500,2026-08-06,91,2026-08-05,7732.9,7747.1,7793.7,7719.4,107.7357,90.9148,7748.6667,7777.9333,7703.6333,7822.9667,7674.3667,7852.2333,7629.3333,7782.9,7793.7,7719.4,7721.7,98.0214,90.5812,7744.9333,7770.4667,7696.1667,7819.2333,7670.6333,7844.7667,7621.8667,2026-W31,7427.6667,7563.1333,7344.9333,7645.8667,7209.4667,7781.3333,7126.7333,2026-W31,7437.4333,7560.3667,7364.4667,7633.3333,7241.5333,7756.2667,7168.5667,2026-07,7454.0333,7615.8667,7318.5667,7751.3333,7156.7333,7913.1667,7021.2667,2026-07,7461.5667,7608.6333,7340.3333,7729.8667,7193.2667,7876.9333,7072.0333,7793.7,7300.4,7793.7,7292.2,7793.7,7368.2,7793.7,7314.5
US500,2026-08-07,92,2026-08-06,7706.6,7733.7,7745.1,7699.0,103.7786,0.0,7716.9,7734.8,7688.7,7763.0,7670.8,7780.9,7642.6,7726.3,7742.8,7699.0,7710.1,93.6786,0.0,7717.3,7735.6,7691.8,7761.1,7673.5,7779.4,7648.0,2026-W31,7427.6667,7563.1333,7344.9333,7645.8667,7209.4667,7781.3333,7126.7333,2026-W31,7437.4333,7560.3667,7364.4667,7633.3333,7241.5333,7756.2667,7168.5667,2026-07,7454.0333,7615.8667,7318.5667,7751.3333,7156.7333,7913.1667,7021.2667,2026-07,7461.5667,7608.6333,7340.3333,7729.8667,7193.2667,7876.9333,7072.0333,7793.7,7397.1,7793.7,7292.2,7793.7,7397.1,7793.7,7314.5
US500,2026-08-10,93,2026-08-07,7751.3,7707.8,7761.7,7700.3,102.8071,62.9577,7737.7667,7775.2333,7713.8333,7799.1667,7676.3667,7836.6333,7652.4333,7731.4,7761.7,7718.6,7753.3,92.1143,78.8321,7744.5333,7770.4667,7727.3667,7787.6333,7701.4333,7813.5667,7684.2667,2026-W32,7686.8,7858.2,7579.9,7965.1,7408.5,8136.5,7301.6,2026-W32,7687.4667,7859.5333,7581.2333,7965.7667,7409.1667,8137.8333,7302.9333,2026-07,7454.0333,7615.8667,7318.5667,7751.3333,7156.7333,7913.1667,7021.2667,2026-07,7461.5667,7608.6333,7340.3333,7729.8667,7193.2667,7876.9333,7072.0333,7793.7,7515.4,7793.7,7292.2,7793.7,7515.4,7793.7,7314.5
US500,2026-08-11,94,2026-08-10,7754.3,7752.4,7773.9,7740.7,99.4143,100.0,7756.3,7771.9,7738.7,7789.5,7723.1,7805.1,7705.5,7750.0,7773.9,7742.4,7755.0,89.4286,100.0,7757.1,7771.8,7740.3,7788.6,7725.6,7803.3,7708.8,2026-W32,7686.8,7858.2,7579.9,7965.1,7408.5,8136.5,7301.6,2026-W32,7687.4667,7859.5333,7581.2333,7965.7667,7409.1667,8137.8333,7302.9333,2026-07,7454.0333,7615.8667,7318.5667,7751.3333,7156.7333,7913.1667,7021.2667,2026-07,7461.5667,7608.6333,7340.3333,7729.8667,7193.2667,7876.9333,7072.0333,7793.7,7602.2,7793.7,7292.2,7793.7,7629.3,7793.7,7314.5
US500,2026-08-12,95,2026-08-11,7730.8,7758.0,7773.6,7717.1,99.3286,11.3208,7740.5,7763.9,7707.4,7797.0,7684.0,7820.4,7650.9,7769.3,7769.5,7717.1,7727.3,90.4929,5.7823,7737.9667,7758.8333,7706.4333,7790.3667,7685.5667,7811.2333,7654.0333,2026-W32,7686.8,7858.2,7579.9,7965.1,7408.5,8136.5,7301.6,2026-W32,7687.4667,7859.5333,7581.2333,7965.7667,7409.1667,8137.8333,7302.9333,2026-07,7454.0333,7615.8667,7318.5667,7751.3333,7156.7333,7913.1667,7021.2667,2026-07,7461.5667,7608.6333,7340.3333,7729.8667,7193.2667,7876.9333,7072.0333,7793.7,7699.0,7793.7,7292.2,7793.7,7699.0,7793.7,7314.5
US500,2026-08-13,96,2026-08-12,7744.9,7732.9,7771.9,7726.9,92.7071,37.5,7747.9,7768.9,7723.9,7792.9,7702.9,7813.9,7678.9,7770.9,7771.9,7737.2,7748.4,84.8571,43.2377,7752.5,7767.8,7733.1,7787.2,7717.8,7802.5,7698.4,2026-W32,7686.8,7858.2,7579.9,7965.1,7408.5,8136.5,7301.6,2026-W32,7687.4667,7859.5333,7581.2333,7965.7667,7409.1667,8137.8333,7302.9333,2026-07,7454.0333,7615.8667,7318.5667,7751.3333,7156.7333,7913.1667,7021.2667,2026-07,7461.5667,7608.6333,7340.3333,7729.8667,7193.2667,7876.9333,7072.0333,7773.9,7699.0,7793.7,7292.2,7773.9,7699.0,7793.7,7314.5
US500,2026-08-14,97,2026-08-13,7804.3,7748.3,7817.6,7743.6,93.3786,100.0,7788.5,7833.4,7759.4,7862.5,7714.5,7907.4,7685.4,7772.3,7817.6,7764.5,7802.2,85.1857,100.0,7794.7667,7825.0333,7771.9333,7847.8667,7741.6667,7878.1333,7718.8333,2026-W32,7686.8,7858.2,7579.9,7965.1,7408.5,8136.5,7301.6,2026-W32,7687.4667,7859.5333,7581.2333,7965.7667,7409.1667,8137.8333,7302.9333,2026-07,7454.0333,7615.8667,7318.5667,7751.3333,7156.7333,7913.1667,7021.2667,2026-07,7461.5667,7608.6333,7340.3333,7729.8667,7193.2667,7876.9333,7072.0333,7817.6,7700.3,7817.6,7292.2,7817.6,7717.1,7817.6,7314.5
US500,2026-08-17,98,2026-08-14,7781.0,7804.0,7810.5,7775.5,88.1571,71.8259,7789.0,7802.5,7767.5,7824.0,7754.0,7837.5,7732.5,7806.9,7809.6,7775.5,7784.8,80.6643,75.5618,7789.9667,7804.4333,7770.3333,7824.0667,7755.8667,7838.5333,7736.2333,2026-W33,7771.9,7826.7,7726.2,7872.4,7671.4,7927.2,7625.7,2026-W33,7773.1667,7829.2333,7728.7333,7873.6667,7672.6667,7929.7333,7628.2333,2026-07,7454.0333,7615.8667,7318.5667,7751.3333,7156.7333,7913.1667,7021.2667,2026-07,7461.5667,7608.6333,7340.3333,7729.8667,7193.2667,7876.9333,7072.0333,7817.6,7717.1,7817.6,7292.2,7817.6,7717.1,7817.6,7314.5
US500,2026-08-18,99,2026-08-17,7746.0,7787.3,7805.4,7744.1,87.6571,0.0,7765.1667,7786.2333,7724.9333,7826.4667,7703.8667,7847.5333,7663.6333,7784.7,7790.2,7747.1,7749.1,78.8643,0.0,7762.1333,7777.1667,7734.0667,7805.2333,7719.0333,7820.2667,7690.9667,2026-W33,7771.9,7826.7,7726.2,7872.4,7671.4,7927.2,7625.7,2026-W33,7773.1667,7829.2333,7728.7333,7873.6667,7672.6667,7929.7333,7628.2333,2026-07,7454.0333,7615.8667,7318.5667,7751.3333,7156.7333,7913.1667,7021.2667,2026-07,7461.5667,7608.6333,7340.3333,7729.8667,7193.2667,7876.9333,7072.0333,7817.6,7717.1,7817.6,7292.2,7817.6,7717.1,7817.6,7314.5
US500,2026-08-19,100,2026-08-18,7694.8,7747.8,7752.2,7692.1,79.3571,0.0,7713.0333,7733.9667,7673.8667,7773.1333,7652.9333,7794.0667,7613.7667,7708.4,7716.8,7692.1,7696.7,73.2214,0.0,7701.8667,7711.6333,7686.9333,7726.5667,7677.1667,7736.3333,7662.2333,2026-W33,7771.9,7826.7,7726.2,7872.4,7671.4,7927.2,7625.7,2026-W33,7773.1667,7829.2333,7728.7333,7873.6667,7672.6667,7929.7333,7628.2333,2026-07,7454.0333,7615.8667,7318.5667,7751.3333,7156.7333,7913.1667,7021.2667,2026-07,7461.5667,7608.6333,7340.3333,7729.8667,7193.2667,7876.9333,7072.0333,7817.6,7692.1,7817.6,7292.2,7817.6,7692.1,7817.6,7314.5
US500,2026-08-20,101,2026-08-19,7712.8,7695.5,7746.6,7680.2,72.2786,26.0116,7713.2,7746.2,7679.8,7779.6,7646.8,7812.6,7613.4,7725.4,7746.6,7702.7,7713.3,67.5071,24.058,7720.8667,7739.0333,7695.1333,7764.7667,7676.9667,7782.9333,7651.2333,2026-W33,7771.9,7826.7,7726.2,7872.4,7671.4,7927.2,7625.7,2026-W33,7773.1667,7829.2333,7728.7333,7873.6667,7672.6667,7929.7333,7628.2333,2026-07,7454.0333,7615.8667,7318.5667,7751.3333,7156.7333,7913.1667,7021.2667,2026-07,7461.5667,7608.6333,7340.3333,7729.8667,7193.2667,7876.9333,7072.0333,7817.6,7680.2,7817.6,7292.2,7817.6,7692.1,7817.6,7314.5
US500,2026-08-21,102,2026-08-20,7649.1,7715.3,7727.9,7639.7,70.4857,22.0318,7672.2333,7704.7667,7616.5667,7760.4333,7584.0333,7792.9667,7528.3667,7679.8,7701.7,7641.1,7647.2,64.5714,20.0726,7663.3333,7685.5667,7624.9667,7723.9333,7602.7333,7746.1667,7564.3667,2026-W33,7771.9,7826.7,7726.2,7872.4,7671.4,7927.2,7625.7,2026-W33,7773.1667,7829.2333,7728.7333,7873.6667,7672.6667,7929.7333,7628.2333,2026-07,7454.0333,7615.8667,7318.5667,7751.3333,7156.7333,7913.1667,7021.2667,2026-07,7461.5667,7608.6333,7340.3333,7729.8667,7193.2667,7876.9333,7072.0333,7810.5,7639.7,7817.6,7292.2,7809.6,7641.1,7817.6,7314.5
US500,2026-08-24,103,2026-08-21,7670.2,7653.6,7696.4,7643.8,65.0286,24.8821,7670.1333,7696.4667,7643.8667,7722.7333,7617.5333,7749.0667,7591.2667,7677.7,7696.4,7659.2,7674.0,59.3714,28.8482,7676.5333,7693.8667,7656.6667,7713.7333,7639.3333,7731.0667,7619.4667,2026-W34,7705.1,7770.5,7604.8,7870.8,7539.4,7936.2,7439.1,2026-W34,7701.7667,7762.4333,7613.3333,7850.8667,7552.6667,7911.5333,7464.2333,2026-07,7454.0333,7615.8667,7318.5667,7751.3333,7156.7333,7913.1667,7021.2667,2026-07,7461.5667,7608.6333,7340.3333,7729.8667,7193.2667,7876.9333,7072.0333,7805.4,7639.7,7817.6,7292.2,7790.2,7641.1,7817.6,7314.5
US500,2026-08-25,104,2026-08-24,7659.3,7678.8,7688.5,7640.1,57.3214,65.9375,7662.6333,7685.1667,7636.7667,7711.0333,7614.2333,7733.5667,7588.3667,7666.3,7671.4,7640.1,7654.4,50.4857,57.7586,7655.3,7670.5,7639.2,7686.6,7624.0,7701.8,7607.9,2026-W34,7705.1,7770.5,7604.8,7870.8,7539.4,7936.2,7439.1,2026-W34,7701.7667,7762.4333,7613.3333,7850.8667,7552.6667,7911.5333,7464.2333,2026-07,7454.0333,7615.8667,7318.5667,7751.3333,7156.7333,7913.1667,7021.2667,2026-07,7461.5667,7608.6333,7340.3333,7729.8667,7193.2667,7876.9333,7072.0333,7752.2,7639.7,7817.6,7292.2,7746.6,7640.1,7817.6,7314.5
US500,2026-08-26,105,2026-08-25,7676.6,7661.7,7698.9,7645.8,55.8071,61.3475,7673.7667,7701.7333,7648.6333,7726.8667,7620.6667,7754.8333,7595.5333,7680.7,7686.6,7650.5,7676.7,47.7571,53.222,7671.2667,7692.0333,7655.9333,7707.3667,7635.1667,7728.1333,7619.8333,2026-W34,7705.1,7770.5,7604.8,7870.8,7539.4,7936.2,7439.1,2026-W34,7701.7667,7762.4333,7613.3333,7850.8667,7552.6667,7911.5333,7464.2333,2026-07,7454.0333,7615.8667,7318.5667,7751.3333,7156.7333,7913.1667,7021.2667,2026-07,7461.5667,7608.6333,7340.3333,7729.8667,7193.2667,7876.9333,7072.0333,7746.6,7639.7,7817.6,7292.2,7746.6,7640.1,7817.6,7314.5
US500,2026-08-27,106,2026-08-26,7695.6,7679.2,7695.6,7657.2,55.2571,100.0,7682.8,7708.4,7670.0,7721.2,7644.4,7746.8,7631.6,7665.1,7691.9,7657.5,7679.0,47.0857,100.0,7676.1333,7694.7667,7660.3667,7710.5333,7641.7333,7729.1667,7625.9667,2026-W34,7705.1,7770.5,7604.8,7870.8,7539.4,7936.2,7439.1,2026-W34,7701.7667,7762.4333,7613.3333,7850.8667,7552.6667,7911.5333,7464.2333,2026-07,7454.0333,7615.8667,7318.5667,7751.3333,7156.7333,7913.1667,7021.2667,2026-07,7461.5667,7608.6333,7340.3333,7729.8667,7193.2667,7876.9333,7072.0333,7727.9,7639.7,7817.6,7292.2,7701.7,7640.1,7817.6,7314.5
US500,2026-08-28,107,2026-08-27,7720.0,7709.6,7742.8,7690.4,54.6143,100.0,7717.7333,7745.0667,7692.6667,7770.1333,7665.3333,7797.4667,7640.2667,7703.4,7742.8,7690.4,7729.1,47.9571,100.0,7720.7667,7751.1333,7698.7333,7773.1667,7668.3667,7803.5333,7646.3333,2026-W34,7705.1,7770.5,7604.8,7870.8,7539.4,7936.2,7439.1,2026-W34,7701.7667,7762.4333,7613.3333,7850.8667,7552.6667,7911.5333,7464.2333,2026-07,7454.0333,7615.8667,7318.5667,7751.3333,7156.7333,7913.1667,7021.2667,2026-07,7461.5667,7608.6333,7340.3333,7729.8667,7193.2667,7876.9333,7072.0333,7742.8,7640.1,7817.6,7292.2,7742.8,7640.1,7817.6,7314.5
US500,2026-08-31,108,2026-08-28,7712.7,7720.9,7770.4,7699.8,57.2857,76.9716,7727.6333,7755.4667,7684.8667,7798.2333,7657.0333,7826.0667,7614.2667,7734.6,7770.4,7699.8,7710.3,50.75,72.7141,7726.8333,7753.8667,7683.2667,7797.4333,7656.2333,7824.4667,7612.6667,2026-W35,7707.7333,7775.3667,7645.0667,7838.0333,7577.4333,7905.6667,7514.7667,2026-W35,7706.9333,7773.7667,7643.4667,7837.2333,7576.6333,7904.0667,7513.1667,2026-07,7454.0333,7615.8667,7318.5667,7751.3333,7156.7333,7913.1667,7021.2667,2026-07,7461.5667,7608.6333,7340.3333,7729.8667,7193.2667,7876.9333,7072.0333,7770.4,7640.1,7817.6,7292.2,7770.4,7640.1,7817.6,7314.5
US500,2026-09-01,109,2026-08-31,7691.5,7708.4,7713.3,7665.2,56.6857,0.0,7690.0,7714.8,7666.7,7738.1,7641.9,7762.9,7618.6,7691.8,7698.7,7665.2,7687.2,50.2286,0.0,7683.7,7702.2,7668.7,7717.2,7650.2,7735.7,7635.2,2026-W35,7707.7333,7775.3667,7645.0667,7838.0333,7577.4333,7905.6667,7514.7667,2026-W35,7706.9333,7773.7667,7643.4667,7837.2333,7576.6333,7904.0667,7513.1667,2026-08,7674.8333,7834.2667,7532.0667,7977.0333,7372.6333,8136.4667,7229.8667,2026-08,7673.4,7831.4,7529.2,7975.6,7371.2,8133.6,7227.0,7770.4,7645.8,7817.6,7292.2,7770.4,7650.5,7817.6,7314.5
US500,2026-09-02,110,2026-09-01,7637.5,7691.2,7698.9,7612.2,59.6643,0.0,7649.5333,7686.8667,7600.1667,7736.2333,7562.8333,7773.5667,7513.4667,7637.8,7664.4,7612.2,7635.0,52.4,0.0,7637.2,7662.2,7610.0,7689.4,7585.0,7714.4,7557.8,2026-W35,7707.7333,7775.3667,7645.0667,7838.0333,7577.4333,7905.6667,7514.7667,2026-W35,7706.9333,7773.7667,7643.4667,7837.2333,7576.6333,7904.0667,7513.1667,2026-08,7674.8333,7834.2667,7532.0667,7977.0333,7372.6333,8136.4667,7229.8667,2026-08,7673.4,7831.4,7529.2,7975.6,7371.2,8133.6,7227.0,7770.4,7612.2,7817.6,7292.2,7770.4,7612.2,7817.6,7314.5
US500,2026-09-03,111,2026-09-02,7660.9,7638.1,7682.2,7610.2,59.5214,30.2326,7651.1,7692.0,7620.0,7723.1,7579.1,7764.0,7548.0,7642.1,7682.2,7634.5,7669.2,50.8643,39.5833,7661.9667,7689.4333,7641.7333,7709.6667,7614.2667,7737.1333,7594.0333,2026-W35,7707.7333,7775.3667,7645.0667,7838.0333,7577.4333,7905.6667,7514.7667,2026-W35,7706.9333,7773.7667,7643.4667,7837.2333,7576.6333,7904.0667,7513.1667,2026-08,7674.8333,7834.2667,7532.0667,7977.0333,7372.6333,8136.4667,7229.8667,2026-08,7673.4,7831.4,7529.2,7975.6,7371.2,8133.6,7227.0,7770.4,7610.2,7817.6,7300.4,7770.4,7612.2,7817.6,7368.2
