asset,UK100
date,2026-06-30
n_prior_sessions,60
last_bar_date,2026-06-29
prev_close_full,10511.9
prev_open_full,10506.0
prev_high_full,10532.7
prev_low_full,10468.8
atr14_full,132.0786
rsi2_full,45.9667
d_full_P,10504.4667
d_full_R1,10540.1333
d_full_S1,10476.2333
d_full_R2,10568.3667
d_full_S2,10440.5667
d_full_R3,10604.0333
d_full_S3,10412.3333
prev_open_cash,10505.9
prev_high_cash,10524.3
prev_low_cash,10468.8
prev_close_cash,10497.8
atr14_cash,114.8071
rsi2_cash,0.0
d_cash_P,10496.9667
d_cash_R1,10525.1333
d_cash_S1,10469.6333
d_cash_R2,10552.4667
d_cash_S2,10441.4667
d_cash_R3,10580.6333
d_cash_S3,10414.1333
w_full_period,2026-W26
w_full_P,10457.2667
w_full_R1,10596.4333
w_full_S1,10336.8333
w_full_R2,10716.8667
w_full_S2,10197.6667
w_full_R3,10856.0333
w_full_S3,10077.2333
w_cash_period,2026-W26
w_cash_P,10474.0667
w_cash_R1,10620.0333
w_cash_S1,10370.4333
w_cash_R2,10723.6667
w_cash_S2,10224.4667
w_cash_R3,10869.6333
w_cash_S3,10120.8333
m_full_period,2026-05
m_full_P,10345.0667
m_full_R1,10583.1333
m_full_S1,10130.1333
m_full_R2,10798.0667
m_full_S2,9892.0667
m_full_R3,11036.1333
m_full_S3,9677.1333
m_cash_period,2026-05
m_cash_P,10370.4
m_cash_R1,10599.6
m_cash_S1,10180.8
m_cash_R2,10789.2
m_cash_S2,9951.6
m_cash_R3,11018.4
m_cash_S3,9762.0
swing_high_5d_full,10577.7
swing_low_5d_full,10318.1
swing_high_25d_full,10577.7
swing_low_25d_full,10126.2
swing_high_5d_cash,10577.7
swing_low_5d_cash,10328.1
swing_high_25d_cash,10577.7
swing_low_25d_cash,10126.2
